well,n_timepoints,initial_area,final_area,days_tracked,linear_slope,r_squared,mean_growth_rate,std_growth_rate,cv_growth,growth_pattern,has_split,split_onset,final_rating
ba1961_A1,10,225744.4601640994,2308530.3536783853,27,95685.6039052048,0.8809592276510917,43823.654405952984,91002.76149656902,2.0765671583109064,Moderate (Accelerating),False,,Acceptable
ba1961_A10,10,231708.700535551,2627668.6480750404,27,111930.38087865635,0.8636547238576062,59756.60145066366,131038.05446782435,2.192863236641933,Moderate (Accelerating),False,,Acceptable
ba1961_A11,10,220269.31467504476,2018418.79001713,27,77015.41553280284,0.9133660300269465,46350.78145405974,76600.51786460241,1.6526262440801456,Steady (Accelerating),False,,Acceptable
ba1961_A12,10,227795.94147637548,2752652.961503121,27,108942.85204797646,0.8576238284694752,70130.26764174365,148671.92029173748,2.119939439718372,Moderate (Accelerating),False,,Acceptable
ba1961_A2,10,239167.39749210436,1225839.1376364417,27,45553.51052730313,0.8624014062546328,22431.190151884293,62994.415046800474,2.808340289581502,Moderate (Decelerating),False,,Acceptable
ba1961_A3,10,233175.98518274183,1226462.1124074226,27,43785.454268710215,0.9043626414812824,24994.27729875253,48762.76974029211,1.9509573794608523,Steady,False,,Acceptable
ba1961_A4,10,237115.91617982832,1755036.7376232822,27,64052.34941806192,0.8906149033282321,41838.70927493692,72061.50853982351,1.722364522917806,Moderate (Accelerating),False,,Acceptable
ba1961_A5,10,226152.03923276355,1294911.4653689696,27,43769.76355855281,0.9190527574859937,32313.05889275714,65159.24782373215,2.0164989034305685,Steady,False,,Acceptable
ba1961_A6,10,226383.00070500653,1953668.3497582832,27,81232.56195774466,0.8781860415484054,35009.77212556059,96686.2877021934,2.7616942879671837,Moderate,False,,Acceptable
ba1961_A7,10,233569.9782824505,1705646.5190614378,27,59579.465087705044,0.9489210529476089,47929.440839312505,54759.90451103831,1.142510814900293,Steady (Accelerating),False,,Acceptable
ba1961_A8,10,230377.2755779149,1380297.944916565,27,57908.54842458945,0.8109466535382519,23830.264267620325,95234.19255949443,3.9963548658121724,Moderate (Decelerating),False,,Not Acceptable
ba1961_A9,10,232089.1076663042,1612180.8354526816,27,60230.57415395135,0.9101656855033503,30956.44320733335,57786.08995807623,1.8666902257164717,Steady,False,,Acceptable
ba1961_B1,10,233080.88340005354,893326.3536252863,27,29764.24512704625,0.8579268617514404,18550.527121099592,46449.52207960333,2.503946210065971,Moderate (Decelerating),False,,Not Acceptable
ba1961_B10,10,228882.81899281312,1132860.1530675143,27,40790.1622055649,0.8873406604815515,34513.64912229128,50460.952252908646,1.462057868007863,Moderate (Accelerating),False,,Acceptable
ba1961_B11,10,225146.67753005872,1502342.5961440785,27,58749.082296352026,0.8843519381347564,27908.044648105817,62594.16770156286,2.2428718489889357,Moderate,False,,Acceptable
ba1961_B12,10,226912.8534942699,634499.8042442376,27,18372.280539064486,0.5362351566671284,7405.283972963327,72347.79384802097,9.769752802480308,Erratic (Decelerating),False,,Not Acceptable
ba1961_B2,10,237971.83222402295,1095170.1794231585,27,41828.74481193894,0.8261099842399424,18049.005652119464,66427.96887161484,3.6804226311389248,Moderate,False,,Acceptable
ba1961_B3,10,226192.79713962995,2137562.714967263,27,101726.49343026454,0.7921354567564666,15393.08702007526,155002.45663973363,10.06961478471365,Moderate (Decelerating),False,,Acceptable
ba1961_B4,10,220785.58149535264,1187642.9969906637,27,41103.35548462313,0.8869079003993973,25393.667947682723,67003.46960034406,2.6385896570116567,Moderate,False,,Acceptable
ba1961_B5,10,238039.7620688003,1424996.384734458,27,52318.907428107115,0.8688576336595949,26641.82634170568,70126.41869856535,2.632192620698378,Moderate (Accelerating),False,,Acceptable
ba1961_B6,10,222782.71893180683,1080413.464535544,27,44687.49886778395,0.86331529066159,9594.446261229572,75574.74000434698,7.876925665813436,Moderate (Decelerating),False,,Acceptable
ba1961_B7,10,229168.124340878,1090984.5676806294,27,38760.90916243319,0.8767953276180473,21193.968476933966,53899.25953509817,2.543141441101904,Moderate,False,,Acceptable
ba1961_B8,10,228515.9978310154,1184352.9114814198,27,41492.769261976515,0.914456240220579,26235.62882969553,47375.31795025279,1.8057626237122897,Steady,False,,Acceptable
ba1961_B9,10,234493.8241714225,1095812.6221557327,27,39072.87450685381,0.843929899655387,18966.835103180318,59395.38632864576,3.1315391316227807,Moderate,False,,Acceptable
ba1961_C1,10,232659.71836243395,817888.0024517952,27,25339.241490540462,0.782088888262218,12082.2494831094,62195.69047694602,5.147691294066855,Moderate (Decelerating),False,,Acceptable
ba1961_C10,10,222660.44521120758,1243593.9186094026,27,46151.281873089705,0.8791373481800728,26836.011087571645,57665.64133443601,2.1488156770490474,Moderate,False,,Acceptable
ba1961_C11,10,234398.7223887342,1113645.2749750663,27,38228.486777981234,0.8531176744448876,28483.51839837437,63658.21823826852,2.2349141474706884,Moderate,False,,Acceptable
ba1961_C12,10,227918.21519697472,1467709.092469849,27,52759.591277615145,0.9164726250955111,31253.60577266151,57687.1342811732,1.845775322719208,Steady,False,,Acceptable
ba1961_C2,10,234901.4032400866,1175864.8802268025,27,39285.792779693395,0.8996637697936254,26062.775621157973,50445.782706064245,1.9355491310415898,Moderate,False,,Acceptable
ba1961_C3,10,238148.44982044408,1131653.1394487384,27,40640.98223720354,0.8543938971672163,20190.850767490883,61682.92221640185,3.0549937160506877,Moderate,False,,Acceptable
ba1961_C4,10,220065.5251407127,1035909.7043335825,27,37413.4737409185,0.8809389402143841,21066.48726157498,57794.35713114631,2.7434263915732418,Moderate,False,,Acceptable
ba1961_C5,10,217755.9104182827,1281575.9116776558,27,45642.14608104572,0.9066517379465434,27369.405552588196,54510.89341162622,1.9916725376767044,Steady,False,,Acceptable
ba1961_C6,10,212946.4774080461,1239233.095212535,27,48679.784028475915,0.8496521691499249,23455.826522390267,61697.37598530359,2.630364610106961,Moderate,False,,Acceptable
ba1961_C7,10,219549.25832040483,1614147.0995735908,27,62164.97518925804,0.9448464161708426,34254.11749911009,82018.9863820911,2.3944270753500487,Steady,False,,Not Acceptable
ba1961_C8,10,218774.858089943,1252568.6489038488,27,44749.49923913812,0.8788599213834993,27408.46903386725,65213.359322501834,2.379314190877316,Moderate,False,,Acceptable
ba1961_C9,3,230540.30720538055,261570.6602996754,5,7868.063652711617,0.2300729845695906,943.0926783255836,26314.88970266693,27.90276110444179,Erratic (Decelerating),False,,
ba1961_D1,10,227116.64302860195,2337965.9116072417,27,92696.95332938725,0.8229287421881035,28598.638587723486,145232.4888390989,5.078300786717963,Moderate,False,,Not Acceptable
ba1961_D10,10,228638.27155161466,1839566.6268607785,27,78564.26243093093,0.8752993144342919,39697.81302939505,83542.99945155681,2.1044735988276155,Moderate,False,,Acceptable
ba1961_D11,10,229602.87534745308,1394548.4928027573,27,52790.97102384479,0.8974601559190162,33789.02017707886,62724.56833748208,1.8563594921888842,Moderate,False,,Acceptable
ba1961_D12,10,224535.30892706255,1584808.8814527001,27,64168.99615922814,0.8822663280654084,32414.16577730106,66292.16255316345,2.045160224348159,Moderate,False,,Acceptable
ba1961_D2,10,225459.15481603454,1150108.7670390531,27,40603.13479325324,0.877123593368745,22845.051035066528,53024.18752038658,2.3210360720576153,Moderate,False,,Acceptable
ba1961_D3,10,220282.90064400024,1348448.359750157,27,50115.07445915325,0.8822690570665573,27499.088339491856,62628.62807546142,2.277480158697461,Moderate (Accelerating),False,,Acceptable
ba1961_D4,10,221723.0133532801,1010893.3736863734,27,36597.47101173247,0.8701610674288811,18547.742060997887,51867.657127366925,2.796440502395923,Moderate,False,,Acceptable
ba1961_D5,10,223122.3681556936,1079479.0023790724,27,39046.02640609736,0.8910325462461678,20333.42012246489,45832.55623880203,2.254050521887611,Moderate,False,,Acceptable
ba1961_D6,10,213924.66717284,1149719.40780719,27,42986.7401128624,0.8390371782309152,24818.2687991961,66542.46412724664,2.6811887914358494,Moderate,False,,Acceptable
ba1961_D7,10,220649.72180579795,1056156.384390468,27,33548.533143608554,0.9079043225710298,25185.673636333813,50553.21225255152,2.0072209694491367,Steady (Decelerating),False,,Acceptable
ba1961_D8,10,223910.3543551109,1777716.9128793124,27,66350.95068317157,0.8206681906121874,44754.27355889083,117076.43975071498,2.615983467962172,Moderate,False,,Acceptable
ba1961_D9,10,230214.24395044925,1139304.04835485,27,37626.42523985059,0.8784997850045728,26718.160121464374,63584.56869478339,2.379825871456692,Moderate,False,,Acceptable
ba1961_E1,10,244058.3463160738,1543945.6300686593,27,53549.263296037876,0.936012632443489,34863.711239846445,56730.267687901396,1.6272010543462516,Steady,False,,Acceptable
ba1961_E10,10,222701.20311807402,941548.4944915411,27,30216.975888831683,0.8601099292136393,24696.77172077582,53161.881783704455,2.152584248044968,Moderate,False,,Acceptable
ba1961_E11,10,222402.31180105364,1067038.9749210437,27,36624.28099046636,0.859910238024284,21958.278053657108,67426.78099141034,3.070677073432019,Moderate,False,,Acceptable
ba1961_E12,10,219793.8057616033,1565399.3237443205,27,55239.47763411263,0.9400316806077315,34622.71938879066,59048.09373064938,1.705472440439401,Steady,False,,Acceptable
ba1961_E2,10,229575.70340954213,1096338.257118748,27,39636.12362061581,0.8587499985562104,21492.69106756584,56603.59043051437,2.6336204364810154,Moderate,False,,Acceptable
ba1961_E3,10,226600.37620829407,1366962.3912252511,27,44791.54270142042,0.8922780577332058,35582.49322184079,72357.60216015519,2.033516923871472,Moderate (Accelerating),False,,Acceptable
ba1961_E4,10,230893.54239822278,1393360.9471455747,27,50534.199784306446,0.8684319523631725,31539.103340589907,69559.14907535365,2.2054891137578108,Moderate (Accelerating),False,,Acceptable
ba1961_E5,10,220459.51824042137,1017162.0573193704,27,35281.754986918444,0.8383863678124183,19666.47515147837,62766.14456122043,3.191529955305802,Moderate,False,,Not Acceptable
ba1961_E6,10,222551.75745956384,1209486.049898188,27,46648.03793254372,0.8298822074629233,22733.598351863886,68955.7540888372,3.0332089544981184,Moderate,False,,Acceptable
ba1961_E7,10,229820.2508507406,1321952.4640218676,27,52732.377933669726,0.8197588281319871,21842.92219197025,82220.4196638319,3.764167584411266,Moderate,False,,Acceptable
ba1961_E9,10,238556.0288891082,1895790.0999418218,27,81108.31768475394,0.8026683075736445,35346.37362935547,106251.66901278355,3.006013293667575,Moderate (Accelerating),False,,Acceptable
ba1961_F1,10,254152.72124998845,1476119.2518780935,27,51127.043978337264,0.8931875642124502,40895.41585614204,76691.04960495718,1.8752969739868541,Moderate,False,,Acceptable
ba1961_F10,10,227700.8396936872,1149368.9844985132,27,40869.36023676502,0.8943427271711631,23464.182309147276,50271.52205830157,2.142479179370496,Moderate,False,,Acceptable
ba1961_F11,10,230662.58092597977,1304314.4908184656,27,48145.54037861491,0.8609283763576333,28756.045830577146,63801.935918398776,2.2187311946260815,Moderate,False,,Acceptable
ba1961_F12,10,220024.7672338463,1613874.5481112865,27,58441.00531753229,0.8931245306809212,32768.81433364887,65360.75837720362,1.9946024812404488,Moderate,False,,Acceptable
ba1961_F2,10,234914.98920904208,1161380.7168014923,27,40856.26894274866,0.9034394148275472,25401.393884575242,49063.046137639285,1.9315099935296212,Steady,False,,Acceptable
ba1961_F3,10,225812.39000887677,1360051.2648596796,27,50111.30306109512,0.8520658547946641,33151.56184689168,69918.60523855282,2.109059161721168,Moderate (Accelerating),False,,Acceptable
ba1961_F4,10,217959.69995261476,1054034.3765768136,27,38440.6061295607,0.8641642819642127,20411.297295314776,49924.994791214536,2.4459491265493623,Moderate,False,,Acceptable
ba1961_F5,10,229208.88224774442,1267111.2162139388,27,45181.556853300826,0.9057321504161079,29734.20438004366,55447.95811576976,1.8647870111831237,Steady,False,,Acceptable
ba1961_F6,10,219114.50731382976,1841941.718175144,27,76156.85395415041,0.8473594808170123,36680.13967119733,92601.01798105396,2.524554672123233,Moderate,False,,Acceptable
ba1961_F7,10,222252.86614254347,1105312.9874131943,27,38966.43535480194,0.8827750450347542,20639.77946644076,53898.33390441474,2.611381288838416,Moderate (Decelerating),False,,Not Acceptable
ba1961_F8,10,220282.90064400024,1266838.6647516345,27,46671.05559152287,0.8472977667435047,29258.392535033094,66478.43569160256,2.2721151072125148,Moderate,False,,Acceptable
ba1961_F9,10,235078.02083650773,933255.1428528553,27,32045.276735793916,0.7979313316655241,18297.965968020068,57158.18064125497,3.123745051288877,Moderate (Decelerating),False,,Not Acceptable
ba1961_G1,10,228679.02945848106,567257.4649014664,27,20377.940981287487,0.6031756691094402,4207.9517550303535,60209.81134818089,14.30857929305004,Erratic (Decelerating),False,,Not Acceptable
ba1961_G10,10,217443.43313230688,1053236.190151494,27,36950.98833040719,0.8972025971119523,22870.87852416245,42660.76473220371,1.8652875396602624,Moderate,False,,Acceptable
ba1961_G11,10,216669.03290184506,1253152.6877516436,27,48930.78280554696,0.8554195221568603,22872.363266613225,63458.07915799898,2.774443480907314,Moderate,False,,Acceptable
ba1961_G12,10,212756.27384266953,1357578.8337373484,27,48054.98608728952,0.9166706371728055,29475.024500040934,52138.0474697678,1.768889029072576,Steady,False,,Acceptable
ba1961_G2,10,230676.16689493525,1200647.5953348938,27,44548.29930335651,0.8676455990579426,21701.800467482397,59291.46464759992,2.732098875226561,Moderate,False,,Not Acceptable
ba1961_G3,10,229385.49984416555,1222490.6482424182,27,43539.81619082966,0.8804204125380424,23542.632804693763,68603.6748454464,2.9140188106645692,Moderate,False,,Acceptable
ba1961_G4,9,216329.3836779583,1060264.1242866244,25,44321.04624103748,0.8575836967239631,22034.13044703297,64578.763081467034,2.9308514459740325,Moderate,False,,
ba1961_G5,10,217973.28592157023,1638949.2826432753,27,59772.5231313464,0.9290127830001145,40369.72123531733,65654.55211399979,1.6263315699233043,Steady (Accelerating),False,,Acceptable
ba1961_G6,10,217429.84716335143,1451940.04357939,27,55225.56572558737,0.8865060861589086,29215.527712820032,62624.40842941385,2.1435316536121887,Moderate,False,,Acceptable
ba1961_G7,10,221804.52916701295,1464808.3661924682,27,52561.898182771525,0.9097016042109595,30057.799102601886,60033.750468602935,1.9972769883675963,Steady,False,,Acceptable
ba1961_G8,10,227415.5343456223,1163969.9556933823,27,43659.14213917941,0.8666466752829179,29002.55674239682,61711.40348865,2.12779183700168,Moderate,False,,Acceptable
ba1961_G9,10,231151.67580837672,1060127.8485554724,27,36453.59586465756,0.8922520341749101,21128.763216831103,45544.909892910655,2.155588068525929,Moderate,False,,Acceptable
ba1961_H1,10,239017.95183359418,2510549.391130596,27,94973.14962080891,0.8860533071768592,60577.56660551226,106490.88096962543,1.7579260266941013,Moderate (Accelerating),False,,
ba1961_H10,10,221559.9817258145,1254768.528563876,27,44818.19998353768,0.8794773646474366,24863.802597754184,60625.67107201067,2.438310505147216,Moderate,False,,Acceptable
ba1961_H11,10,253813.07202610167,1424392.87792507,27,51198.241579611065,0.8864660469636325,26749.497134847283,70584.68400324933,2.63872938049728,Moderate,False,,Acceptable
ba1961_H12,10,226056.93745007523,1951682.617675781,27,73247.65442900063,0.87724402653066,53378.46049826474,100507.2309870864,1.8829173799486731,Moderate,False,,Acceptable
ba1961_H2,10,231627.1847218182,1011574.7523421339,27,35147.77714704388,0.8612631869704951,20073.48300306219,48195.49363249001,2.4009532189873495,Moderate (Decelerating),False,,Acceptable
ba1961_H3,10,220038.35320280178,1326332.7553803283,27,47087.40157157438,0.9155444555185333,29719.924780280155,54608.71935848487,1.8374447365599995,Steady (Accelerating),False,,Acceptable
ba1961_H4,10,227578.56597308794,1886309.2026459533,27,73495.59714827518,0.8781129983077184,40687.24239885752,88594.83163862296,2.177459724847577,Moderate (Accelerating),False,,Acceptable
ba1961_H5,10,213883.9092659736,1754958.8657769095,27,70985.9056245233,0.8600365257325411,33292.79400456195,92783.43019741394,2.7868922681797232,Moderate,False,,Acceptable
ba1961_H6,10,225391.22497125718,1506314.060309083,27,54504.01454028997,0.9116411422837544,33298.1983727916,71118.67203852828,2.135811410644976,Steady,False,,Acceptable
ba1961_H7,10,224073.38598257652,1466969.3099293087,27,56400.80308674625,0.8715445170192826,27449.65140720424,67811.58963988497,2.4703989363627263,Moderate,False,,Acceptable
ba1961_H8,10,262752.6395988013,1689974.809978945,27,76089.36278570397,0.8196389894863695,29012.16677781666,112048.22920072348,3.862111715364811,Moderate,False,,Acceptable
ba1961_H9,10,286922.07837058353,2991349.6385968435,27,114103.83527813188,0.698523546804274,51585.389093453276,293638.3812351248,5.692278111989477,Erratic (Accelerating),False,,Acceptable
ba2961_A1,10,28340.331241111664,0.0,27,-1741.3659258066107,0.23718952406626465,-3021.620132503738,19525.569751747928,6.461953817989983,Erratic (Accelerating),False,,
ba2961_A10,11,251720.8328069592,2973964.748894152,27,93682.9214262596,0.9173012284496501,105641.64759856719,138376.8898093025,1.3098706140510752,Steady (Accelerating),False,,Acceptable
ba2961_A11,11,250593.19738365515,2683269.1463851025,27,91886.82779196808,0.9440907917170521,82388.31926089167,61849.055567635514,0.7507017514434744,Steady (Accelerating),False,,Acceptable
ba2961_A12,11,290957.1111503583,4205595.18682683,27,122562.49687320208,0.8387785705601609,152212.27646718587,213666.7257386405,1.4037417394825118,Moderate (Accelerating),False,,Not Acceptable
ba2961_A2,11,262725.46766089037,3031395.2355939713,27,99969.16558497894,0.9175656842972176,94971.2175298596,90997.21728646099,0.9581557407943185,Steady (Accelerating),False,,Acceptable
ba2961_A3,11,262535.2640955138,2391814.2933739196,27,77113.84953110735,0.9033123216015416,69953.20123008205,68062.22288928417,0.9729679513225092,Steady (Accelerating),False,,Acceptable
ba2961_A4,11,251408.35552098337,2685430.090121943,27,88411.86657776598,0.9300675987129374,81670.02809241423,81075.51270850717,0.9927205194146091,Steady,False,,Acceptable
ba2961_A5,11,260877.7758829464,5076558.272953993,27,149757.6666228591,0.8266316897129187,202168.01074775535,370437.83391179825,1.8323266502037894,Moderate (Accelerating),False,,Not Acceptable
ba2961_A6,11,250430.1657561895,1881072.3209773935,27,57996.80336265166,0.9236467439731791,57485.73501048707,59399.55693756982,1.0332921189358302,Steady,False,,Acceptable
ba2961_A7,11,253364.73505057115,971470.7514602264,27,27759.171563674186,0.9471755785444582,24479.33329672186,37380.93686993641,1.527040643502422,Steady (Decelerating),False,,Acceptable
ba2961_A8,11,253215.28939206098,1446313.8026789671,27,45698.24214065546,0.9668351972275065,39518.8725556454,37278.881664527304,0.9433184515078453,Steady,False,,Acceptable
ba2961_A9,10,259709.3825527759,2407486.002456412,25,92755.56053520806,0.9601856448328758,77360.09699409256,83980.03469789795,1.085573027452524,Steady,False,,
ba2961_B1,11,267263.1812920176,2859434.730841598,27,99043.8961286551,0.9340294142156567,85996.30210738184,81604.4008324845,0.9489291845431533,Steady (Accelerating),False,,Not Acceptable
ba2961_B10,11,288796.9420864385,1383393.3508098773,27,44213.81419620246,0.9693658899374686,36497.84217343642,43916.53409418745,1.2032638501064716,Steady,False,,Acceptable
ba2961_B11,11,238895.67811299497,2279834.578290069,27,80346.70816910882,0.9539716440727651,66244.88928134639,59916.870532238245,0.904475366813089,Steady,False,,Acceptable
ba2961_B12,6,342067.5263608387,0.0,18,-16228.844193837642,0.23236724066706754,4356.227729163683,54313.96341848012,12.468118472058718,Erratic (Decelerating),False,,
ba2961_B2,11,276229.92080262816,1429474.0159008845,27,46187.23774362173,0.9612286660879639,42130.652848244754,41726.82125523778,0.9904147796033074,Steady,False,,Acceptable
ba2961_B3,11,250633.95529052155,641216.2509938774,27,14407.080041847272,0.7432902168122507,14952.39434537895,34427.929344289376,2.302502766383322,Moderate (Decelerating),False,,Not Acceptable
ba2961_B4,11,253025.08582668437,2931485.5507178702,27,100673.97986967894,0.9172898732963995,88876.36829208783,78494.60416966981,0.8831886999669151,Steady (Accelerating),False,,Acceptable
ba2961_B5,11,250457.33769410042,1506294.59234749,27,49212.85716205448,0.9738848618178403,42929.1657896362,40460.057132961796,0.942484122128679,Steady,False,,Acceptable
ba2961_B6,11,258242.09790558508,1596041.8952919529,27,51684.26221318443,0.9653948147228474,48078.71145750125,55673.02005845135,1.157955743212108,Steady,False,,Acceptable
ba2961_B7,11,269328.2485732491,2023947.6911095872,27,67042.88275062043,0.961571983935011,63061.33966490112,68820.99264945328,1.0913341361784912,Steady,False,,Acceptable
ba2961_B8,11,261475.55851698708,613708.0212627437,27,13845.150268910927,0.6459029244441256,10691.740900033361,42246.03637653178,3.9512776049782468,Erratic (Decelerating),False,,Not Acceptable
ba2961_B9,11,290400.08642318397,3367594.5836141044,27,115254.9072136972,0.9137807811648386,108059.50379407709,121665.39348938529,1.1259110880356824,Steady (Accelerating),False,,Acceptable
ba2961_C1,9,256706.88341361692,1491693.6211526208,21,61663.3102876619,0.935184275888792,49267.56777869331,59685.28064778102,1.2114517387154853,Steady (Accelerating),True,Dy28,Not Acceptable
ba2961_C10,11,264056.89261852653,1151490.9923121675,27,51457.47715220298,0.8522325537858982,14738.437673490867,116737.87879224402,7.920641344653061,Moderate (Decelerating),False,,Acceptable
ba2961_C11,11,226369.41473605105,2201553.9047239767,27,74748.26799399738,0.9538437144769699,70168.20409107253,72786.26399334929,1.037311200082572,Steady,False,,Acceptable
ba2961_C12,11,313577.74946121685,2342307.2670425163,27,75858.34194883569,0.9353107929825213,68349.99122779552,51826.401107085156,0.7582502963951984,Steady (Accelerating),False,,Acceptable
ba2961_C2,11,299951.0225988798,2653405.293301197,27,86448.94988514124,0.9201937716404849,73174.82899864443,94459.37916127768,1.2908725644309678,Steady,False,,Acceptable
ba2961_C3,11,255579.24799031284,1310232.751142786,27,38462.51342297584,0.9612067515270879,35916.10103114303,34479.597465787396,0.9600039112232691,Steady,False,,Acceptable
ba2961_C4,11,254614.64419447444,1968833.891839354,27,62060.53568990354,0.9470254265021278,62018.59316397111,55385.31807098855,0.8930437671256936,Steady (Accelerating),False,,Acceptable
ba2961_C5,11,251924.62234129125,3710580.287602954,27,120341.45740951983,0.8774185627836979,120535.17342522119,127169.33137275392,1.0550391869776377,Moderate (Accelerating),False,,Acceptable
ba2961_C6,11,269654.3118281804,633974.1692812223,27,12608.873464148595,0.4593661775863275,8997.565774904077,51183.19050300117,5.688559748655668,Erratic (Decelerating),False,,
ba2961_C7,11,255253.18473538157,3690832.1156092463,27,120962.87926120657,0.9116675459028729,134775.99604828883,158951.6406599508,1.1793764863217935,Steady (Accelerating),False,,Acceptable
ba2961_C8,11,269042.9432251842,1727119.6806986923,27,57374.990478024105,0.9633020684174413,48584.727095208495,43666.010938601255,0.8987600332308477,Steady,False,,Acceptable
ba2961_C9,11,267697.93229859264,1419681.6312195256,27,45063.38931050912,0.962539579946981,38745.465204102715,44165.951586833784,1.139899891617693,Steady,False,,Acceptable
ba2961_D1,11,253785.90008819074,1859930.1146872228,27,62265.341639602164,0.9673853492798912,53608.848003760795,50195.440926328105,0.9363275428490232,Steady,False,,Acceptable
ba2961_D10,8,245226.73964624424,808095.6177704362,18,37627.8191975595,0.8592988834066339,28242.768680110865,46320.326827400786,1.64007740714247,Moderate (Accelerating),True,Dy24,Not Acceptable
ba2961_D11,11,233624.32215827238,1576126.1705821513,27,50545.55593250511,0.9711423325762927,45673.03450616065,40860.85320887874,0.8946384590094881,Steady,False,,Acceptable
ba2961_D12,11,304366.4625094078,2300996.2525418326,27,87342.13214139787,0.9482987502287759,69657.05457022013,106271.15773028789,1.525633812482807,Steady,False,,Acceptable
ba2961_D2,11,256638.95356883956,1872954.1809930461,27,63695.68707061036,0.9498289823941847,55755.95719925298,66742.39749234385,1.1970451382231506,Steady,False,,Acceptable
ba2961_D3,11,232673.30433138943,1345975.9286278258,27,43517.484351255465,0.9456249221681486,41930.766362625975,48813.86061778283,1.1641537909331403,Steady,False,,Acceptable
ba2961_D4,11,275659.31010649836,2357185.740826891,27,80961.14057670804,0.9572562909317804,69033.56543720307,56530.9450050727,0.8188907040662201,Steady (Accelerating),False,,Acceptable
ba2961_D5,11,243949.65856443002,715992.691473201,27,18872.850057993564,0.7543902596752423,16740.75614500895,36390.21452387565,2.1737497523207723,Moderate (Decelerating),False,,Not Acceptable
ba2961_D6,11,250321.47800454573,1888197.5949204897,27,63086.412528560984,0.9700107502425287,57748.48731503317,44411.57201789637,0.7690516943867217,Steady,False,,Acceptable
ba2961_D7,11,300657.4929845643,3879781.053967868,27,129085.88996695238,0.9117173816759807,122766.89780944833,128201.97688259355,1.0442715354881837,Steady (Accelerating),False,,Acceptable
ba2961_D8,11,261516.3164238535,1250193.5575894834,27,38630.282084902254,0.9632049577839157,33817.38733261746,39795.1307260837,1.1767653820997757,Steady (Decelerating),False,,Not Acceptable
ba2961_D9,11,258690.43488111562,1461382.0049520722,27,43718.919452647286,0.9435944645401232,39567.9100547027,51635.835769834404,1.3049927503991943,Steady,False,,Acceptable
ba2961_E1,8,251612.14505531543,642209.1170351285,18,23731.14564773582,0.9061442713097986,21614.841718758522,34461.75849906748,1.594356273687617,Steady,True,Dy24,Acceptable
ba2961_E10,11,242482.3739172392,2074019.2883271922,27,70715.9964052552,0.9564426971198351,61064.29494599567,55121.688238860814,0.9026827917625118,Steady (Accelerating),False,,Acceptable
ba2961_E11,11,241667.21577991097,2436979.9642700483,27,84740.25182189043,0.9716546588143896,81532.98519448235,61273.06109527601,0.7515125436548176,Steady,False,,Acceptable
ba2961_E12,11,302776.9041416177,783546.5182014627,27,18998.98398606102,0.8369492324734962,15701.401291165303,44054.64155306028,2.805777696914764,Moderate (Decelerating),False,,Not Acceptable
ba2961_E2,11,244547.4411984707,1732122.9468281341,27,55959.074446509876,0.9435627165946355,48492.370627141274,45661.18806614373,0.9416159176302896,Steady,False,,Acceptable
ba2961_E3,11,253228.87536101643,536400.7457763094,27,11969.921390977526,0.402995287885817,8585.867570665145,58393.24459893949,6.801088430300094,Erratic (Decelerating),False,,Not Acceptable
ba2961_E4,11,252454.4751305546,1148376.118457262,27,34632.24790608323,0.9347126348521897,28507.451901430286,45680.945285053596,1.6024212000077662,Steady (Decelerating),False,,
ba2961_E5,11,242930.7108927697,1636690.9990984688,27,51689.90506590425,0.9492130521326675,47712.305864978305,49547.99821989195,1.038474190706869,Steady,False,,Acceptable
ba2961_E6,11,261461.97254803163,1871688.7634894908,27,57373.746329933485,0.9239750841272123,53558.459521869154,53934.46650836013,1.0070204966656564,Steady (Accelerating),False,,Acceptable
ba2961_E7,7,249519.90583617295,870373.6269069518,14,55753.436833219435,0.8558609998609806,41943.83602444344,72586.1463799979,1.7305557445365074,Moderate (Accelerating),True,Dy21,Acceptable
ba2961_E8,7,262806.9834746232,459171.3421362477,14,16440.39340472979,0.7530264501435175,12628.687256460586,37175.125291290125,2.943704641372924,Moderate (Accelerating),True,Dy21,Not Acceptable
ba2961_E9,11,254791.26179089554,3376916.32544501,27,109704.93050860096,0.9274166758169999,117156.10253649298,125403.87446697718,1.0703998490212245,Steady (Accelerating),False,,Not Acceptable
ba2961_F1,11,247645.04212031802,621573.07774638,27,13068.808757435741,0.5130296242339197,12777.656001963516,44729.64001336594,3.50061388461956,Erratic (Decelerating),False,,Not Acceptable
ba2961_F10,11,265673.6229242275,1025299.6652653109,27,31038.12810972066,0.9528576689607668,25421.19383563198,35433.08857889164,1.3938404627254894,Steady (Decelerating),False,,Acceptable
ba2961_F11,11,259492.00704948837,2125804.066164995,27,67909.90879004096,0.9447745523375829,65526.434711241665,73414.43691469979,1.1203789316207808,Steady,False,,Acceptable
ba2961_F12,11,243216.0162408346,2368608.483154874,27,74277.06464287206,0.9219628157179117,73269.14669265927,81495.07539276975,1.1122700218499286,Steady (Accelerating),False,,Acceptable
ba2961_F2,11,255389.04442493626,695200.9084917073,27,17302.888508458025,0.8189463430617911,13644.964328140006,33368.93722288641,2.445512968771172,Moderate (Decelerating),False,,Not Acceptable
ba2961_F3,11,245430.52918057633,2483411.0526697324,27,86523.92167065012,0.9322858323879629,70545.66160990155,61290.60545381116,0.8688075787385997,Steady (Accelerating),False,,Acceptable
ba2961_F4,11,231246.777591065,1616989.4219661918,27,50875.41450169274,0.957896099070069,48278.05232517492,50496.53055128547,1.0459521069981879,Steady,False,,Acceptable
ba2961_F5,11,258255.68387454055,916103.8686892822,27,25943.878611786655,0.8206195967279458,22076.90538479179,49935.663805197,2.261895991980669,Moderate (Decelerating),False,,Acceptable
ba2961_F6,11,262182.02890267153,897979.1964460512,27,25332.561909786702,0.8634739979122473,23537.09302321991,38888.61816240105,1.6522268966705655,Moderate (Decelerating),False,,Acceptable
ba2961_F7,11,282357.1928015454,614798.2271119606,27,13416.605134244033,0.6452685012844813,10990.52271398089,40041.73241424582,3.6432964524343587,Erratic (Decelerating),False,,Not Acceptable
ba2961_F8,11,269178.8029147389,874948.5978813441,27,24785.62629192684,0.8700723397234353,20827.592591563316,38568.26475386988,1.8517869784668644,Moderate (Decelerating),False,,Not Acceptable
ba2961_F9,11,252264.27156517803,1516612.6119918642,27,49598.54180172132,0.966162621557703,40251.84023674137,31421.67690132047,0.7806270897557414,Steady,False,,Acceptable
ba2961_G1,11,248052.62118898213,1161828.4799181349,27,34922.33084795285,0.9826255726890866,33436.922716183726,25729.829815954778,0.7695035226283351,Steady,False,,Acceptable
ba2961_G10,11,245349.0133668435,1676911.8077499352,27,55435.20979140671,0.957842737145598,46259.078973292475,43422.17674292528,0.938673611897784,Steady,False,,Acceptable
ba2961_G11,11,223516.36125540224,1921896.636438248,27,61956.50482452633,0.9554869157512792,61545.51573632543,56798.9210097076,0.9228766763942106,Steady,False,,Acceptable
ba2961_G12,11,109421.39396736019,1983843.6902276797,27,74407.56317516069,0.9646210627031581,59702.48240870121,55475.528873495685,0.9291997021787242,Steady,False,,Acceptable
ba2961_G2,11,272439.43546405184,2161002.1407254264,27,64325.11206508885,0.8518780621473615,61741.145313904424,79710.59675277748,1.2910449967766673,Moderate (Accelerating),False,,Acceptable
ba2961_G3,11,239289.6712127036,926421.8883336565,27,24741.85048983317,0.7084452289285937,27211.06380637359,76128.08534316848,2.797688685928448,Moderate (Decelerating),False,,Not Acceptable
ba2961_G4,11,269165.21694578347,2276362.862500784,27,73438.78170015174,0.9374197071123461,70824.77571568193,78278.04226431795,1.1052353004061222,Steady (Accelerating),False,,Not Acceptable
ba2961_G5,11,260402.2669695049,1386196.7372792922,27,43064.06640752066,0.9511642272520137,36276.58205783805,53064.690077480824,1.462780864880722,Steady,False,,Not Acceptable
ba2961_G6,11,254315.75287745407,1039997.976268146,27,32128.960510466564,0.8782822437293785,25870.16299245607,46050.84199198622,1.7800754485163077,Moderate (Decelerating),False,,Acceptable
ba2961_G7,11,317178.0312344165,1303107.4771996897,27,35664.700122779206,0.9187261389417427,31752.634936840877,49670.105463928325,1.5642829504614992,Steady,False,,Acceptable
ba2961_G8,11,251625.7310242709,3251251.4563087067,27,108656.18192317405,0.9077432089742028,106296.1754088379,109715.36013310909,1.0321665827685735,Steady (Accelerating),False,,Acceptable
ba2961_G9,11,255171.66892164873,1660383.5083573433,27,53410.10194414116,0.9473357815423544,45583.23752251423,54548.33761317545,1.1966753696736268,Steady,False,,Acceptable
ba2961_H1,11,257970.3785264757,1999164.976001496,27,66585.86243489005,0.9520456451402638,58465.18160734184,51662.947839475426,0.8836532517156808,Steady,False,,Acceptable
ba2961_H10,11,255307.52861120345,1928009.5763784999,27,65868.50073515177,0.9371432501315161,55637.582856705994,50762.88544090203,0.912384809592489,Steady (Accelerating),False,,Acceptable
ba2961_H11,11,234086.24510275837,1709267.5599177654,27,52139.97166379747,0.9125744230133402,48975.94780571639,64398.88027291607,1.3149083000574324,Steady,False,,Acceptable
ba2961_H12,11,0.0,0.0,27,0.0,,0.0,0.0,inf,Erratic,False,,
ba2961_H2,11,277561.34576026426,799821.7340933436,27,16982.875621966272,0.6516256669956341,17649.42667467675,45011.75960494656,2.550324179624999,Erratic (Decelerating),False,,Acceptable
ba2961_H3,11,254288.58093954314,939776.9099865635,27,24958.768523071943,0.8858410146809463,20617.787648701644,51428.38676068917,2.4943697954871387,Moderate (Decelerating),False,,Not Acceptable
ba2961_H4,11,237047.98633505095,1628047.224151106,27,50863.898936578655,0.925894821537534,48468.4979768553,69560.27228823124,1.435164595392407,Steady,False,,Acceptable
ba2961_H5,11,253487.00877117037,1357831.9172380595,27,38820.88482215761,0.9104808979803929,37411.2842314303,56504.1889239416,1.5103514911276636,Steady,False,,Acceptable
ba2961_H6,11,278661.8092456574,1787003.1305592493,27,60255.23811773955,0.9708372118298504,50836.37188585869,50034.34830857075,0.984223430045545,Steady,False,,Acceptable
ba2961_H7,11,275686.4820444093,1354230.3443433251,27,39556.21590671219,0.9474675223925073,35672.02510375496,33937.89204504555,0.9513867504391593,Steady,False,,Acceptable
ba2961_H8,11,285712.9271335466,2859030.18093415,27,100602.09513558369,0.9507672410142608,90129.63399858814,89337.98362178293,0.9912165362080844,Steady (Accelerating),False,,Not Acceptable
ba2961_H9,11,267018.6338508191,1123418.1916948322,27,30603.379608190407,0.9097132918468711,29441.314132293628,39075.3732104845,1.3272292478148402,Steady (Decelerating),False,,Acceptable
ba2962_A1,10,516.2668203078827,0.0,27,-24.076621047431868,0.27140341160037673,-43.52541906104469,232.9796422740473,5.352726000117123,Erratic (Accelerating),False,,
ba2962_A10,5,238909.26408195042,0.0,21,-13786.146510140776,0.5105324303666063,14422.719079174492,33755.021170024345,2.340406201127809,Erratic,False,,
ba2962_A11,11,217579.2928218616,2215551.369109458,27,76532.83081580106,0.9175409277757705,64816.40112136828,50408.14747200936,0.7777066699155425,Steady (Accelerating),False,,Acceptable
ba2962_A12,5,244275.72181936132,0.0,21,-12030.632042715652,0.358587012340625,-34512.32372117399,79222.54205113043,2.2954855978742987,Erratic (Accelerating),False,,
ba2962_A2,11,246721.19623134602,738848.0783835697,27,17221.57750642858,0.6273809331353138,19162.084456529305,40086.84482074308,2.091987691197335,Erratic (Decelerating),False,,Not Acceptable
ba2962_A3,11,256924.25891690445,1023975.8438769762,27,25858.43273919687,0.8882102596128838,25927.506575790176,50023.61426753678,1.9293646352498224,Moderate (Decelerating),False,,Acceptable
ba2962_A4,11,241721.55965573285,3539943.035693188,27,116193.87624325961,0.9158567155747653,129132.74927055622,136536.6699884314,1.057335732102804,Steady (Accelerating),False,,Not Acceptable
ba2962_A5,11,242862.78104799238,1656197.8966148142,27,50886.73264395021,0.9335728879920607,47130.10636031539,46185.890661518875,0.979965763463849,Steady (Accelerating),False,,Acceptable
ba2962_A6,11,234806.3014573983,606076.5803182254,27,13873.969895184076,0.8726453904211341,12810.952800455536,32194.954665116555,2.513080421619519,Moderate (Decelerating),False,,Not Acceptable
ba2962_A7,11,231341.8793737533,2478758.2098489674,27,83623.94050552795,0.9527922981765529,87377.9231552136,102030.95108794118,1.1676971413785917,Steady,False,,Acceptable
ba2962_A8,5,222157.76435985518,0.0,21,-13582.76742804302,0.6586097520791596,4820.3503067186675,24113.061663303895,5.002346329414025,Erratic (Decelerating),False,,
ba2962_A9,11,234276.44866813495,3010253.029303801,27,85558.95027864238,0.804155519270201,106751.02616551658,148112.54332307313,1.3874577944892619,Moderate (Accelerating),False,,Acceptable
ba2962_B1,11,279449.7954450747,2472489.52621597,27,93006.63625067755,0.9581672325866407,70421.2024860451,84477.60292264806,1.1996046636577729,Steady,False,,Acceptable
ba2962_B10,11,245743.00646655215,1612511.7907997654,27,49848.154811746776,0.9187936751445954,45350.2442766146,47039.35263657915,1.0372458492100243,Steady (Accelerating),False,,Acceptable
ba2962_B11,11,193627.22955336692,1295437.100331985,27,41096.718896814986,0.9587230595654624,36409.580284668154,43658.001874667985,1.1990800644590813,Steady,False,,Acceptable
ba2962_B12,11,355436.11981302174,2712159.6013893504,27,87384.36705769086,0.9267611904356596,79102.7444113729,72534.27383119143,0.9169627978263027,Steady (Accelerating),False,,Acceptable
ba2962_B2,11,245281.08352206612,936292.1448613881,27,26318.15391920033,0.9562215086952778,23431.930316046673,36498.17395194611,1.55762557585584,Steady (Decelerating),False,,Not Acceptable
ba2962_B3,8,251150.22211082943,961035.9240462931,18,41081.457037842694,0.9368700766106375,36884.54337508762,39108.855454810495,1.0603047205194687,Steady (Accelerating),True,Dy24,Not Acceptable
ba2962_B4,11,254995.0513252276,1713511.5755450742,27,54653.58871191488,0.9446388210093101,47516.849517952134,37232.82789247279,0.783571054693052,Steady (Accelerating),False,,
ba2962_B5,8,241015.08927004837,853163.9488585992,18,36023.103056404914,0.9352448834166281,29947.475609752408,35704.103806706,1.192224155116398,Steady (Accelerating),True,Dy24,Acceptable
ba2962_B6,11,247346.15080329767,1225118.8230574948,27,37296.33161113943,0.9692607381734286,34437.705895014915,35642.54081656752,1.0349859228493792,Steady,False,,Acceptable
ba2962_B7,11,251258.9098624732,1508864.3632777869,27,47419.0657037345,0.9626285458761985,42688.10200052464,41550.843506197205,0.9733588882842938,Steady,False,,Acceptable
ba2962_B8,8,272874.1864706269,1187487.2532979185,18,51136.06273367533,0.9070537287499458,43277.78398136963,47614.22259034248,1.100200107538769,Steady (Accelerating),True,Dy24,Not Acceptable
ba2962_B9,11,227211.74481129023,1586074.2989562554,27,49813.75125483965,0.9415931490234949,47870.88153954905,48802.694134884376,1.0194651229592564,Steady,False,,Acceptable
ba2962_C1,11,263676.4854877733,1733018.4730614193,27,53868.25501106408,0.9257805630780326,47999.42877287207,53864.164330406995,1.122183444834025,Steady,False,,Acceptable
ba2962_C10,11,228991.50674445688,853027.6731274471,27,21405.357451409473,0.9273024774266495,23190.98409381984,34337.03684454343,1.480620085186204,Steady,False,,Not Acceptable
ba2962_C11,11,206411.62634046478,1615276.241345994,27,56008.60179259963,0.9700665798027617,47765.168393663385,49192.127179226205,1.0298744636217407,Steady,False,,Acceptable
ba2962_C2,11,231409.80921853066,679899.0906794843,27,16881.494172097042,0.7600462904527515,15758.040026360066,40510.95432736978,2.570811741790414,Moderate (Decelerating),False,,Not Acceptable
ba2962_C3,11,252182.7557514452,387821.2628973201,27,3069.7098197866376,0.2929777197766623,4603.765324157763,24570.059892552348,5.336948815271622,Erratic (Decelerating),False,,Not Acceptable
ba2962_C4,11,244425.1674778715,846758.9894944499,27,22970.50279229339,0.8896209135893111,20657.015890149418,34371.96164736006,1.6639364480399517,Moderate (Decelerating),False,,Acceptable
ba2962_C5,11,259111.5999187352,1327598.1728838836,27,42543.396294534185,0.9623043958258305,37675.566486326774,51702.475864864144,1.3723078559051798,Steady,False,,Acceptable
ba2962_C6,11,232917.8517725879,2722357.046337563,27,89441.06892177433,0.9163593909104347,85711.37713547533,85854.83541850836,1.0016737367643305,Steady (Accelerating),False,,Not Acceptable
ba2962_C7,11,233203.1571206528,1667469.846377253,27,56959.78474971142,0.9757220520472719,47780.043611119756,38388.93156062841,0.8034511620180738,Steady,False,,Not Acceptable
ba2962_C8,9,242400.85810350638,783468.6463550901,21,31078.093797187666,0.8721329062494372,23326.764528381253,39241.456526812326,1.6822502957522445,Moderate (Decelerating),True,Dy28,Not Acceptable
ba2962_C9,11,245158.8098014669,1906594.818626025,27,63947.64619112934,0.961644212698757,56382.68823983844,56103.54683597111,0.9950491646889923,Steady,False,,Acceptable
ba2962_D10,11,210174.93974113013,2009638.7393386154,27,65460.52859928415,0.9459372818378388,61349.84240068536,58973.02023867054,0.9612578929463026,Steady,False,,Acceptable
ba2962_D11,11,195108.10016951323,2250749.4436698896,27,76919.16335536777,0.9629395344972692,71811.92556547702,51285.93573801278,0.7141701790359463,Steady,False,,Acceptable
ba2962_D12,7,378640.9547889655,776207.0966808418,14,32379.423994954424,0.7449811294531441,23859.220176293962,53050.01111409439,2.223459556603774,Moderate (Accelerating),True,Dy21,Acceptable
ba2962_D2,11,249737.2813394605,881762.3844389498,27,21471.457758509954,0.7442800866268814,21863.536588406994,61915.48007286681,2.831905982936773,Moderate (Decelerating),False,,Not Acceptable
ba2962_D3,11,249655.76552572768,775000.0830620659,27,21901.38901012767,0.8613589519875227,15939.205983907877,42163.686186342966,2.6452814669006197,Moderate (Decelerating),False,,Not Acceptable
ba2962_D4,11,286922.07837058353,751190.7660336324,27,18790.827246511242,0.8308062876763618,15610.53396130765,35752.65294665371,2.290290199891331,Moderate (Decelerating),False,,Not Acceptable
ba2962_D5,7,263065.11688477715,615771.6251916186,14,40806.89378849088,0.7109392371245195,16881.418557714405,73182.65010571112,4.335100741416567,Moderate,True,Dy21,Not Acceptable
ba2962_D6,11,249221.0145191526,1595399.4525593787,27,51849.84537563628,0.9597210642734506,45819.940961236854,61112.863934955036,1.3337612980919338,Steady,False,,Acceptable
ba2962_D7,7,228801.3031790803,984923.1129210992,14,68401.17140329535,0.849620709673162,47911.610645988585,79658.52597907548,1.6626142370303494,Moderate (Accelerating),True,Dy21,Acceptable
ba2962_D8,6,246367.9610385038,0.0,21,-14471.560494509013,0.6284724541513225,-2750.2941518219936,33755.04425996851,12.273248749631646,Erratic (Decelerating),False,,
ba2962_D9,11,216560.3451502013,966000.2542525487,27,28246.66146198284,0.9378754175981983,25906.39503811114,39915.3837434849,1.5407540757702878,Steady (Decelerating),False,,Acceptable
ba2962_E1,11,257929.62061960925,2960795.128078054,27,100543.6159172124,0.9227443529218935,89537.49742548211,81002.69984582838,0.9046790693836753,Steady (Accelerating),False,,Acceptable
ba2962_E10,11,234493.8241714225,1232555.5843860814,27,38359.749817194235,0.9536725137729867,33739.93596388605,43260.02363546287,1.2821608103159048,Steady,False,,Acceptable
ba2962_E11,11,195733.05474146488,1759027.6697498797,27,59559.51465224442,0.9623714001893987,51546.944757806334,41480.21213177785,0.8047074822120478,Steady,False,,Acceptable
ba2962_E12,11,411994.5085746458,4995040.019952006,27,164590.0318005265,0.8232000378731257,144304.71072907076,160340.8623592666,1.1111270141437268,Moderate (Accelerating),False,,Not Acceptable
ba2962_E2,11,257291.08007870216,861204.2169965738,27,22999.468622202476,0.8119866266344072,21681.036995283983,43200.74471848126,1.992558968829683,Moderate (Decelerating),False,,
ba2962_E3,8,243379.04786830026,569126.3892144096,18,31699.533534058148,0.594677005910863,23039.197982697042,57503.1069963749,2.495881455576754,Erratic,True,Dy24,Not Acceptable
ba2962_E4,11,256258.54643808637,1655438.646112681,27,50398.85818682653,0.9360583101482306,45752.26086965911,52869.44816191162,1.155559247935927,Steady,False,,Acceptable
ba2962_E5,9,227877.45729010832,1882941.2452903367,21,83768.0289247719,0.9430612235828978,68444.58368125536,61652.37195314109,0.9007633422135282,Steady (Accelerating),False,,
ba2962_E6,11,237265.3618383385,1746684.9820998171,27,52747.295010690694,0.8929399085469886,50628.5377881879,47391.97564653078,0.9360723757182606,Moderate (Accelerating),False,,Acceptable
ba2962_E7,11,241273.2226802023,1211082.4227488271,27,36765.343098006706,0.9571049089457894,33351.3003769029,34873.46002946364,1.0456401889988942,Steady,False,,Not Acceptable
ba2962_E8,11,225092.33365423683,1532673.6803062204,27,49246.891351731276,0.9493074673308007,43123.78660677526,51596.394189112114,1.1964717908377207,Steady,False,,Acceptable
ba2962_E9,11,231844.56022510573,615207.054305417,27,14364.46585631452,0.45022415671007676,11824.958583235984,48428.182450149885,4.095420893803856,Erratic (Decelerating),False,,Not Acceptable
ba2962_F1,11,258839.8805396258,1400544.6249734503,27,42302.96917505295,0.9571542432442615,39699.831213071084,49039.88773923284,1.2352669077113498,Steady,False,,Acceptable
ba2962_F11,11,198029.0834949394,1701675.0548964334,27,53130.803980330864,0.9480836329709748,54802.77481589893,53773.03253755813,0.9812100339480976,Steady (Accelerating),False,,Acceptable
ba2962_F12,11,369565.5275267112,517867.24633962207,27,6350.488248196784,0.15291901623268056,4054.716287253087,53364.881380415834,13.161187515925675,Erratic (Decelerating),False,,Not Acceptable
ba2962_F2,11,239180.98346105983,2051375.4532827316,27,69543.10479810012,0.9730596033749329,61345.961502220554,50655.51276955968,0.8257350855561387,Steady,False,,Not Acceptable
ba2962_F3,11,261788.0358029629,1335755.2487914173,27,40011.53069148369,0.9504186702286558,36751.9435469006,40769.93233754526,1.1093272464765611,Steady,False,,Acceptable
ba2962_F4,6,289095.8334034588,0.0,21,-12103.412610989531,0.19344209355090475,12486.781727767238,50237.28198607287,4.023236978216628,Erratic (Accelerating),False,,
ba2962_F5,11,234792.71548844283,2431283.171673961,27,77690.85817147522,0.9412516166779705,79487.24560270831,81455.18247046617,1.0247578948400597,Steady (Accelerating),False,,Acceptable
ba2962_F6,11,229331.15596834366,1209486.049898188,27,38575.5942217912,0.9578414682159081,33386.09512066492,42561.016450015246,1.2748126516799907,Steady (Decelerating),False,,Acceptable
ba2962_F7,11,272466.6074019628,707426.788372211,27,16417.69875333823,0.7637928850369853,12794.779401447604,38502.90647340425,3.009266925621869,Moderate (Decelerating),False,,Not Acceptable
ba2962_G1,11,292546.66951814835,1832266.1412633439,27,53894.187174071456,0.8929925683623641,50461.56985477961,61919.14712797747,1.2270555059260135,Moderate,False,,Acceptable
ba2962_G10,11,237537.0812174479,2138302.497507803,27,75713.1965709115,0.9504520598019223,60509.926679823126,52715.17942225847,0.8711823384151647,Steady,False,,Acceptable
ba2962_G11,11,159757.40894737875,1759709.0484056403,27,63824.946406310584,0.9620967892939756,50182.203838284055,45275.789539861646,0.9022280026952643,Steady,False,,Acceptable
ba2962_G12,10,444926.8973227065,3809033.8223837367,25,119957.46157041419,0.8033539288511007,109080.11865486171,134121.53991889406,1.2295690687985537,Moderate (Accelerating),False,,
ba2962_G2,11,252060.48203084597,1212873.4752153978,27,38975.08822597158,0.9769382433884911,30478.524329993663,32295.17120910646,1.0596041612593772,Steady,False,,Acceptable
ba2962_G3,11,232387.99898332453,1511745.6215935745,27,45196.69809651052,0.9572139266403576,45261.667537155925,45446.35720808193,1.0040804875510694,Steady,False,,Acceptable
ba2962_G4,11,231627.1847218182,860717.5179567449,27,24105.307781528893,0.9388766812242479,21070.258301579655,28725.65278570402,1.3633270354141995,Steady (Decelerating),False,,Not Acceptable
ba2962_G5,11,255674.34977300113,1134787.481265237,27,32811.06528387411,0.9395421895290609,30958.531028522702,40465.51559318422,1.3070877153668092,Steady (Decelerating),False,,Acceptable
ba2962_G6,11,253038.67179563985,1057674.8853947343,27,28601.63085859834,0.9235137720604251,26548.7952891585,41722.84134754464,1.571553092828383,Steady (Decelerating),False,,Not Acceptable
ba2962_G7,11,299665.71725081495,1267130.6841755318,27,40376.07734599659,0.9539066153714539,30569.90618259679,41527.665623760215,1.3584492335603435,Steady,False,,Not Acceptable
ba2962_G8,11,225350.46706439077,1142341.0503633828,27,35484.145609057116,0.9542066897490854,26796.135125554458,40521.35324764672,1.5122088710846604,Steady (Decelerating),False,,Acceptable
ba2962_G9,11,224222.83164108673,533480.5515373356,27,11949.376482068752,0.6113764567465568,8583.492554562257,34739.504190684005,4.047245799988424,Erratic (Decelerating),False,,Not Acceptable
ba2962_H1,11,257372.59589243497,1505496.4059221705,27,47879.70150195685,0.9600781989092466,41542.896165116406,36654.49890519072,0.8823289247698026,Steady,False,,Acceptable
ba2962_H10,11,215093.06050301046,2030966.2493846694,27,65744.85743433965,0.9468560442519461,63185.3927031833,65949.86607630359,1.0437517795625098,Steady,False,,Acceptable
ba2962_H11,11,174566.11510884168,1301939.3995041,27,42937.274063440454,0.9735825942550734,37266.131993426476,32507.818645323707,0.8723153412073432,Steady,False,,Not Acceptable
ba2962_H12,11,0.0,0.0,27,0.0,,0.0,0.0,inf,Erratic,False,,
ba2962_H2,11,243786.62693696437,2187500.759075826,27,72506.82343257526,0.9180440747497236,61452.7225849129,52777.65812848709,0.8588335212579239,Steady (Accelerating),False,,Not Acceptable
ba2962_H3,11,240417.30663600768,1149758.3437303763,27,31270.04542424839,0.9379029171835495,29616.289693773782,38724.24293292714,1.307531879696197,Steady (Accelerating),False,,Acceptable
ba2962_H4,10,254288.58093954314,2157244.8241379466,25,76480.64683475702,0.9357626295500769,67943.80200836372,49959.71433897802,0.7353093713070118,Steady (Accelerating),False,,
ba2962_H5,11,261122.32332414485,1230725.5959963244,27,35391.81024159401,0.9567268830731531,34567.82895813709,36015.10958193789,1.0418678484423627,Steady,False,,Not Acceptable
ba2962_H6,11,246313.6171626819,2132945.0195902865,27,67711.02627537069,0.9296656081143653,65417.754086564506,62226.64032489561,0.9512194540117316,Steady (Accelerating),False,,Acceptable
ba2962_H7,11,255728.693648823,854760.3217092382,27,22118.32398414861,0.8640576920839796,19941.508037069936,33590.10973850702,1.6844317729664797,Moderate (Decelerating),False,,Not Acceptable
ba2962_H8,11,243365.46189934478,2116784.211411751,27,67830.6674427423,0.9397185559099778,62603.09596511514,58600.155116626585,0.9360584203260627,Steady (Accelerating),False,,Acceptable
ba2962_H9,11,234548.16804724437,1523153.8470871656,27,43472.84182319485,0.9124218464793804,45807.414017192576,56802.449792258325,1.240027428113254,Steady,False,,Not Acceptable
ba3961_A1,11,239686.42124557495,1531913.2347602844,27,50912.28753735891,0.9071223258274766,50980.88147271474,54051.31588339381,1.0602271738342222,Steady,False,,
ba3961_A10,11,530917.2290344238,2912559.2688560486,27,95937.49779214385,0.8689085001672552,78771.81282030742,78807.23627970454,1.0004496971458297,Moderate (Accelerating),False,,
ba3961_A11,11,530666.038066864,2580032.666000366,27,85009.70829761976,0.882682458202865,69198.92504660289,68066.62561291837,0.9836370372383393,Moderate (Accelerating),False,,
ba3961_A12,11,447672.5423851013,2556772.3824043274,27,84743.86028911173,0.889760757016634,67942.55155719121,68489.20981757077,1.0080458894735416,Moderate (Accelerating),False,,
ba3961_A2,11,232854.026927948,1061382.31432724,27,31160.095552549916,0.9642836645802669,26956.140032068884,26613.232996541738,0.9872790750040918,Steady,False,,
ba3961_A3,11,259580.74587631226,1715634.3084335327,27,55727.6336297065,0.9490788833333168,55061.89739233653,52425.42615069183,0.9521180459354885,Steady,False,,
ba3961_A4,11,248478.10511016846,988235.504573822,27,28692.100539700263,0.8191579017917865,27597.095650959014,58498.93926347216,2.119749846264684,Moderate (Decelerating),False,,
ba3961_A5,11,238480.70460128784,834406.1560401917,27,21988.666727580923,0.7799918389757587,21414.867287699384,35754.95879513576,1.6696325181372134,Moderate (Decelerating),False,,
ba3961_A6,11,187539.17638015747,1786470.1612854004,27,55141.70204437447,0.9462415861357005,60249.409524059294,54510.28637092263,0.9047439103806508,Steady (Accelerating),False,,
ba3961_A7,11,547043.6891517639,3350385.125312805,27,114002.59999930584,0.8639927365263229,90448.0062957128,90725.84391766132,1.003071793766688,Moderate (Accelerating),False,,
ba3961_A8,11,557493.2334022522,2066799.2810821533,27,67406.76020710441,0.8607091599758465,46137.08231493631,66799.91190965257,1.4478573103879808,Moderate (Accelerating),False,,
ba3961_A9,11,551967.0321159363,2961742.4603042603,27,105672.96297717636,0.8730614185466565,75800.64232568741,86915.27821722062,1.146629837828784,Moderate (Accelerating),False,,
ba3961_B1,11,241545.23440551758,3565505.0699310303,27,122988.04926771333,0.8454875365095601,109290.25942398708,99263.76782688827,0.9082581407534093,Moderate (Accelerating),False,,
ba3961_B10,11,495197.8734474182,3082916.9830551147,27,106080.82506541086,0.8837157733147173,83193.19250097274,78917.69909406708,0.9486076531219105,Moderate (Accelerating),False,,
ba3961_B11,11,534584.6171607971,3182790.511756897,27,109015.77330307587,0.8723474758789307,84684.84819666544,85231.08270314032,1.0064502035264484,Moderate (Accelerating),False,,
ba3961_B12,11,518659.1098175049,3125820.400314331,27,108872.55662330237,0.8864669863188793,85725.61610558828,88165.49135147018,1.0284614489428305,Moderate (Accelerating),False,,
ba3961_B2,11,232602.83596038818,1250579.3510932922,27,41150.08849682189,0.9710463488746773,34226.02528486252,30244.759111063027,0.8836772268861637,Steady,False,,
ba3961_B3,11,239636.183052063,1726134.090877533,27,56504.270481643805,0.9522889157908255,49644.12687368393,34634.86418746133,0.6976628731045541,Steady (Accelerating),False,,
ba3961_B4,11,243102.61840438843,971958.329875946,27,27195.416790149167,0.918563939888378,25530.63129116694,37666.58734298033,1.4753488432545017,Steady,False,,
ba3961_B5,11,243554.7621459961,2242231.0528259277,27,92338.69739051582,0.9464694377668263,63224.7665348053,114294.11427026431,1.8077427649708329,Steady (Decelerating),False,,
ba3961_B6,11,228031.16035079956,734733.5801124573,27,20837.79542064774,0.8022186936659441,17471.587748622893,30485.622750698873,1.7448684795748883,Moderate (Decelerating),False,,
ba3961_B7,11,512630.52659606934,2938934.320449829,27,96395.8521443228,0.8823796973673719,79990.9263161977,78439.31865576681,0.9806027041830031,Moderate (Accelerating),False,,
ba3961_B8,11,530314.3707122803,2616857.261844635,27,88639.61256619061,0.8736777891110993,65725.79126847585,72248.60311819248,1.0992428044429672,Moderate (Accelerating),False,,
ba3961_B9,11,504391.4628601074,4910532.224826813,27,167558.33794416237,0.8055495034597454,132004.2026655833,165812.68209919354,1.25611668985464,Moderate (Accelerating),False,,
ba3961_C1,11,248025.9613685608,2819920.040019989,27,99078.8528491402,0.959769200656191,89286.66672236126,58225.71194855187,0.6521210174594817,Steady (Accelerating),False,,
ba3961_C10,11,508460.7565345764,3008463.9802703857,27,102170.50043752794,0.8833379054856191,81083.1883734703,78416.86444226043,0.9671161928299027,Moderate (Accelerating),False,,
ba3961_C11,11,509917.66414642334,3704162.484024048,27,125645.47354899635,0.8607894207868171,105027.54870449702,112243.01091300872,1.0687006628024134,Moderate (Accelerating),False,,
ba3961_C12,11,512530.0502090454,2276192.0716400146,27,86213.44319253365,0.8826281957828853,47598.17644290924,93603.34870476683,1.9665322434576384,Moderate (Accelerating),False,,
ba3961_C2,11,236822.84421539307,1402600.124660492,27,58162.08005345208,0.7987873864243564,50220.1914926211,80550.79491962382,1.603952365085251,Moderate,False,,
ba3961_C3,11,247423.10304641724,951561.6233100891,27,27867.986392950417,0.9442200310368178,27215.704031880694,24145.673072802034,0.887196342395464,Steady,False,,
ba3961_C4,11,239083.5629234314,943121.6068000793,27,31272.925408601066,0.8514666003133442,25376.986149342854,54240.536508426834,2.1373907913738375,Moderate (Decelerating),False,,
ba3961_C5,11,241344.28163146973,2664231.878326416,27,94961.25756245555,0.9649358357314197,81929.70193414688,64457.18349701345,0.7867376784651625,Steady,False,,
ba3961_C6,11,245865.7190475464,1193458.5250701904,27,34419.90389116922,0.9207506456911229,35854.58005787532,35758.565826532795,0.9973221208786286,Steady,False,,
ba3961_C7,11,511525.28633880615,3202986.265548706,27,109010.88385875338,0.8783078828571916,85315.75617685317,81760.24385970616,0.9583252557736615,Moderate (Accelerating),False,,
ba3961_C8,11,526646.982585907,3566308.8810272217,27,120915.72660834971,0.8629795610692443,96410.4425623576,98210.35793174131,1.0186692989010973,Moderate (Accelerating),False,,
ba3961_C9,11,522728.4034919739,3982080.1705322266,27,138730.12905078792,0.8601543161261511,111758.62933187485,109322.86365840632,0.9782051221634496,Moderate (Accelerating),False,,
ba3961_D1,11,244911.1933708191,1188886.8494606018,27,35223.91824370658,0.9427270436603137,32695.01633758545,31383.01685934324,0.9598715760012034,Steady,False,,
ba3961_D10,11,515644.8182067871,3046594.7691459656,27,102463.07665553087,0.8788898967924029,83649.10410709381,80912.66707246244,0.9672867143785787,Moderate (Accelerating),False,,
ba3961_D11,11,516750.0584640503,2665889.738712311,27,92181.76655339905,0.8911489157084067,67760.01945409775,72260.45675340109,1.0664172964464986,Moderate (Accelerating),False,,
ba3961_D12,11,470229.49127197266,2867244.418308258,27,98230.21808265307,0.8674312935321087,75557.8243903796,79194.33005687715,1.0481287768121679,Moderate (Accelerating),False,,
ba3961_D2,11,247473.3412399292,2786511.6413345337,27,103462.01384385234,0.9642621968432825,90693.75479230881,68023.7140992965,0.7500374668032288,Steady (Accelerating),False,,
ba3961_D3,11,249985.25091552734,1029129.3940925598,27,35291.851031337064,0.9205429041743841,28166.043192481993,44344.48984666621,1.5743954357956296,Steady,False,,
ba3961_D4,11,247423.10304641724,1138598.417755127,27,37705.9435904377,0.7384752692766934,37000.42952156067,76660.52149678754,2.071881934562851,Moderate (Decelerating),False,,
ba3961_D5,11,246569.05375671387,1014158.4124259949,27,32229.331206528568,0.5962956254360143,40072.9137064298,99093.69553761584,2.4728347996745748,Erratic,False,,
ba3961_D6,5,209895.17249298096,876857.4295578003,10,58872.23339001885,0.11930894187262489,57242.234990755715,516216.98537953885,9.018113731284338,Erratic (Decelerating),False,,
ba3961_D7,11,466863.53230667114,2596661.508052826,27,87999.40024446567,0.909805387779128,68240.6315053622,65741.64620930474,0.9633798040708184,Steady (Accelerating),False,,
ba3961_D8,11,493037.6311264038,2931046.924068451,27,103982.38961159982,0.9043555345098698,79359.59968439737,76760.93828461797,0.9672546054905274,Steady (Accelerating),False,,
ba3961_D9,11,524989.1222000122,2455542.422477722,27,94018.90468244793,0.8770098986279973,53424.550935459134,107755.20082912211,2.0169603476742086,Moderate (Accelerating),False,,
ba3961_E1,11,254406.21194458008,2104678.8789901733,27,62493.16790152894,0.845833271024847,59983.9844016711,78990.76944203473,1.3168643302033487,Moderate (Accelerating),False,,
ba3961_E10,11,515795.532787323,3023434.9619369507,27,97888.25057257971,0.8467063266589228,81153.52184438705,83576.10765112225,1.0298518875296692,Moderate (Accelerating),False,,
ba3961_E11,11,443452.53413009644,3470806.07516098,27,117283.97609463624,0.8802640233306709,97460.8394583702,90381.01552674736,0.9273572444997568,Moderate (Accelerating),False,,
ba3961_E12,11,505295.75034332275,2889148.270679474,27,92901.86991110897,0.8442469555486198,76640.03880894979,83889.94062644872,1.0945967920967743,Moderate (Accelerating),False,,
ba3961_E2,11,229236.87699508667,340062.3318824768,27,256.1029959207268,0.0002040567424511356,2462.927436923978,49701.58863762023,20.17988345596328,Erratic (Decelerating),False,,
ba3961_E3,11,226775.2055130005,481231.65565109253,27,7182.971992355918,0.10397366642562443,7586.804523531598,77300.58064449354,10.188819338198888,Erratic (Decelerating),False,,
ba3961_E4,11,247825.00859451294,249633.5835609436,27,-3448.1196971498034,0.025163320441953792,-1928.3093276341738,60717.74720131302,31.48755561733817,Erratic (Decelerating),False,,
ba3961_E5,11,237526.17892456055,332074.4591140747,27,-245.3417016036007,0.0002446168798079659,3282.647294394176,53427.74656917451,16.275810886053414,Erratic (Decelerating),False,,
ba3961_E6,11,225669.9652557373,376032.87843704224,27,3800.521032982875,0.04983809487392519,5827.630447387695,47511.079392039705,8.15272687947073,Erratic (Decelerating),False,,
ba3961_E7,11,507255.0398902893,2877392.5333976746,27,92910.20906730331,0.8409471420988793,73140.52997922897,82112.92736501303,1.1226733985702881,Moderate (Accelerating),False,,
ba3961_E8,11,428381.07607650757,2664231.878326416,27,83107.44909372627,0.8306353129448301,69985.15277506511,84306.05816441745,1.204627764911513,Moderate (Accelerating),False,,
ba3961_E9,11,508259.80376052856,3390324.4891548157,27,110158.26028573785,0.8546380044429921,88801.0308517456,99908.74271543862,1.125085393234201,Moderate (Accelerating),False,,
ba3961_F1,11,241344.28163146973,280178.40521621704,27,-3328.836452114151,0.01068068642486196,-5192.95460268656,103366.6798510256,19.90517687128425,Erratic (Decelerating),False,,
ba3961_F10,11,531067.9436149597,3053577.8780441284,27,99335.25508357027,0.8600786281522331,81547.89166345596,83775.24074967449,1.0273133865362294,Moderate (Accelerating),False,,
ba3961_F11,11,518809.8243980408,3197058.1587142944,27,104629.06661432849,0.8587292496687399,87741.4236202558,87438.25859552048,0.9965447902230604,Moderate (Accelerating),False,,
ba3961_F12,11,541617.9642524719,3085629.8455047607,27,100447.05035799096,0.8594237715334511,81963.61271476746,85282.7368897803,1.0404950936772803,Moderate (Accelerating),False,,
ba3961_F2,11,249683.82175445557,322730.1551208496,27,687.9832090372239,0.0015308318688245141,2253.1829790115344,46742.97662889213,20.745308776208738,Erratic (Decelerating),False,,
ba3961_F3,11,249683.82175445557,402860.0737724304,27,4808.011925863882,0.06658997267583133,8158.263974730173,40786.910797981865,4.99945955712114,Erratic (Decelerating),False,,
ba3961_F4,11,233607.59983062744,262695.51387405396,27,-1901.3727803846562,0.008367522478269062,340.3637610435515,53788.11225901641,158.03125483777313,Erratic (Decelerating),False,,
ba3961_F5,11,220796.8604850769,240038.0886001587,27,-2411.7889871796638,0.010399940591416454,-895.4957993507356,74145.34758473832,82.79809647180498,Erratic (Decelerating),False,,
ba3961_F6,11,233456.88525009155,495398.82622146606,27,10484.030077187663,0.21768694700732202,10441.589869848885,47916.4846170908,4.58900274904058,Erratic (Decelerating),False,,
ba3961_F7,11,492183.58183670044,2637153.492023468,27,83250.64883547093,0.8932542098407736,69823.97190421421,68290.56346226195,0.9780389399208654,Moderate (Accelerating),False,,
ba3961_F8,11,512881.71756362915,3097887.9647216797,27,99253.25243999105,0.858862876725396,83878.10653918583,84873.97813384281,1.0118728430546025,Moderate (Accelerating),False,,
ba3961_F9,11,522728.4034919739,3073070.29712677,27,98965.50356020492,0.8584827762015523,92471.76819101968,106067.78531928732,1.1470288434431386,Moderate (Accelerating),False,,
ba3961_G1,11,236219.9858932495,815466.3570861816,27,15230.376286088445,0.46800226100668657,22451.448680496214,45223.14579782598,2.0142640433315,Erratic (Decelerating),False,,
ba3961_G10,11,528204.3665847778,3157068.556678772,27,100731.73910056835,0.8412344991114713,85844.93181517918,89904.8247353182,1.0472933326906217,Moderate (Accelerating),False,,
ba3961_G11,11,502080.5059585571,3048453.582305908,27,97921.94031192405,0.8522638944804717,83276.92282349268,83651.65856768783,1.0044998750132663,Moderate (Accelerating),False,,
ba3961_G12,11,520166.25562286377,3285979.7612304688,27,104220.25599647945,0.8625219001325005,94136.32700271606,95124.12898196497,1.010493313375403,Moderate (Accelerating),False,,
ba3961_G2,11,229488.06796264648,296204.3889465332,27,446.6614662761181,0.00047740750960675936,-28.468309656776547,65805.12508819303,2311.522035609476,Erratic (Decelerating),False,,
ba3961_G3,11,235014.2692489624,619838.8315505981,27,13054.178341915485,0.3034980560527916,13595.711119174957,57377.70825780365,4.220280039407425,Erratic (Decelerating),False,,
ba3961_G4,11,240239.04137420654,265508.8527107239,27,-1681.9010948152002,0.007322728129077681,-2329.796224117282,57801.0156035938,24.809472607628408,Erratic (Decelerating),False,,
ba3961_G5,11,233808.5526046753,312481.5636444092,27,266.64974187266614,0.00023962282652781393,4091.900861549379,41282.2226162168,10.08876412528369,Erratic (Decelerating),False,,
ba3961_G6,3,258123.83826446533,285151.98637390137,5,7012.194168090821,0.20255798176089268,318.1752255757656,25437.271981557213,79.94736842105249,Erratic (Decelerating),False,,
ba3961_G7,11,512731.00298309326,3499039.9399147034,27,114661.09410014874,0.8546944767578957,97296.72802623114,97776.33540741167,1.004929326925066,Moderate (Accelerating),False,,
ba3961_G8,11,501678.6004104614,2773198.5200538635,27,84791.71586656818,0.8575461540471125,78831.26134929658,87081.65994709011,1.1046589697612033,Moderate (Accelerating),False,,
ba3961_G9,11,480176.6535873413,2838005.7896842957,27,92330.9171892729,0.8946217384350018,79470.96101334889,70767.4764149477,0.8904822027137781,Moderate (Accelerating),False,,
ba3961_H1,11,244057.14408111572,610243.3365898132,27,11961.54562411198,0.21083353513339392,13144.82333240509,64161.591206684476,4.881129976734721,Erratic (Decelerating),False,,
ba3961_H10,11,572263.2622947693,3110397.2749061584,27,89865.45723473823,0.8090925600594718,85341.29392522176,153487.64259210054,1.7985155313744172,Moderate (Accelerating),False,,
ba3961_H11,5,533831.0442581177,626018.1293525696,10,5386.746990532711,0.03320012695763326,4588.4216740926095,55175.188624835086,12.024873157662944,Erratic (Accelerating),False,,
ba3961_H2,11,239887.3740196228,353626.6441307068,27,481.7062479269116,0.00037904750310358253,-1462.7687344233213,92005.88555967424,62.898449628092735,Erratic (Decelerating),False,,
ba3961_H3,11,244609.7642097473,571308.736618042,27,9505.367709376567,0.1965288164178699,10958.205959796906,60562.81627478731,5.526709070533818,Erratic (Decelerating),False,,
ba3961_H4,11,233708.07621765137,1355677.6519203186,27,40608.74909539157,0.8329104934491839,37461.364947032926,84616.32035802204,2.2587623402847727,Moderate (Decelerating),False,,
ba3961_H5,11,227779.96938323975,1074645.1974143982,27,28984.281537030463,0.6974775346753813,25747.07417488098,69999.77332061397,2.718746714487125,Erratic (Decelerating),False,,
ba3961_H6,11,239686.42124557495,316199.18996429443,27,-944.6338678901451,0.003248451220159756,4918.319144821167,39144.325433845166,7.958882756736697,Erratic (Decelerating),False,,
ba3961_H7,6,549555.5988273621,749051.4652633667,12,17093.43944406107,0.258333669176258,15161.886801910401,57653.42407872933,3.8025230521748115,Erratic (Accelerating),False,,
ba3961_H8,11,554981.323726654,3378217.0845184326,27,106213.42160110749,0.8377723759278027,85829.441705513,102629.90891270459,1.1957424733675328,Moderate (Accelerating),False,,
ba3961_H9,3,543627.4919929504,330416.59872817993,5,-41110.70698547364,0.9057310711511224,-47491.83893330892,24248.30140177409,0.5105782792665726,Steady (Decelerating),False,,
ba4961_A1,11,278539.53552505816,0.0,27,-4445.112839352469,0.226612721959991,-9284.651184168604,27853.95355250582,3.000000000000001,Erratic (Accelerating),False,,
ba4961_A10,11,253853.82993296807,853163.9488585992,27,20586.08467551258,0.8232730507022009,20277.08972147287,42628.25623443822,2.1022867097784794,Moderate (Decelerating),False,,Acceptable
ba4961_A11,11,248922.12320213226,907129.138394836,27,24579.27184443827,0.9069290665300608,22944.00679556965,34595.55329948618,1.5078252725311418,Steady (Decelerating),False,,Not Acceptable
ba4961_A12,11,248066.2071579376,1711564.7793857583,27,55832.26745882885,0.9627959859258235,47519.32316782947,45475.13149353777,0.956981885725266,Steady (Accelerating),False,,Acceptable
ba4961_A2,11,278145.54242534953,506030.72569098143,27,6659.04730531156,0.21433260130844523,6363.042842197042,43536.35322327883,6.842065078450191,Erratic (Decelerating),False,,Not Acceptable
ba4961_A3,11,281786.58210541564,942444.0207248264,27,22923.489281707876,0.8233603826173997,16988.000774001775,50582.58456557647,2.977547813806756,Moderate (Decelerating),False,,Not Acceptable
ba4961_A4,11,283742.9616350034,451131.0739982731,27,4401.885373908099,0.13129826028580388,3100.295231437235,47989.41957538726,15.478983771858502,Erratic (Decelerating),False,,Not Acceptable
ba4961_A5,11,283416.8983800721,532915.9806511339,27,6618.558787800159,0.3162197346059553,7132.7809963842565,37945.052797062766,5.319811840051986,Erratic (Decelerating),False,,Not Acceptable
ba4961_A6,11,282764.7718702095,792404.4407263501,27,15859.385000732686,0.4512718105284988,17487.538573232763,69504.50737989653,3.974516315651383,Erratic (Decelerating),False,,Not Acceptable
ba4961_A7,11,275224.55909992335,569126.3892144096,27,8028.436650084199,0.24510154542968987,8369.07113807143,46534.36377890209,5.560278197088605,Erratic (Decelerating),False,,Not Acceptable
ba4961_A8,11,298076.1588830249,568289.2668659039,27,7757.982103706042,0.3433401004158855,6887.938014200752,45787.63286941491,6.647509425174164,Erratic (Decelerating),False,,Not Acceptable
ba4961_A9,11,266597.4688131995,1122191.7101144632,27,29711.590794273416,0.9301339376385009,28407.7609861165,39922.34637930129,1.4053323807818654,Steady,False,,Acceptable
ba4961_B1,11,277371.1421948877,539943.9147862644,27,7120.937308281005,0.2438308905449318,6704.146902626948,47846.36557654853,7.136831318209994,Erratic (Decelerating),False,,Not Acceptable
ba4961_B10,11,279422.6235071637,647115.0433566045,27,12964.222400651932,0.7312172716703402,11284.428060814487,31048.57171127387,2.751452846696853,Moderate (Decelerating),False,,Not Acceptable
ba4961_B11,11,233610.7361893169,751015.554379294,27,18118.7383487741,0.6591036289963197,18247.218545207572,46650.69144592274,2.556591917302104,Erratic (Decelerating),False,,Not Acceptable
ba4961_B12,11,237727.28478282448,792443.3766495363,27,18824.918058125993,0.7500243680127825,16125.979567719103,47820.38019850533,2.9654248287795117,Moderate (Decelerating),False,,Not Acceptable
ba4961_B2,11,285509.13759921456,608179.1201702866,27,11401.665528109346,0.5593716540777655,8904.768159421135,45894.95847588992,5.153975673957735,Erratic (Decelerating),False,,Not Acceptable
ba4961_B3,11,278131.95645639405,1950280.9244410736,27,65110.49051227976,0.9207214623881724,51872.10052673965,59099.82361677911,1.1393373897845844,Steady (Accelerating),False,,Acceptable
ba4961_B4,11,255905.31124524414,467484.16173652664,27,4614.422535049015,0.08184633662410742,5351.739643642223,56385.20954987144,10.535865588464514,Erratic (Decelerating),False,,Not Acceptable
ba4961_B5,11,266203.47571349086,538269.6700892526,27,9402.574785113971,0.38325473654606823,8669.721708771782,49183.37526015587,5.673005075859991,Erratic (Decelerating),False,,Not Acceptable
ba4961_B6,11,273730.10251482157,1215637.9257616263,27,38841.049533268386,0.9403826138501489,31895.061670701038,49365.77973743707,1.547756209005381,Steady (Decelerating),False,,Acceptable
ba4961_B7,11,259138.77185664614,775642.5257946402,27,15717.08804936171,0.5532562498399086,16039.609522176974,53757.79649897602,3.351565162770855,Erratic (Decelerating),False,,Acceptable
ba4961_B8,11,275496.27847903274,629204.5186908983,27,12396.412441065424,0.6028296645078222,11157.27706888979,39019.83875575266,3.4972546182036637,Erratic (Decelerating),False,,Not Acceptable
ba4961_B9,11,256394.4061276411,1860669.897227763,27,58466.741894182975,0.9415727026048704,53189.676254505735,53589.79064692843,1.0075224069894353,Steady (Accelerating),False,,Acceptable
ba4961_C1,11,278023.2687047503,449106.40599258454,27,4521.864693591426,0.19303367162295768,3217.2249429617063,35073.66132379406,10.901836814526877,Erratic (Decelerating),False,,Not Acceptable
ba4961_C10,11,246558.16460388037,806324.0332654588,27,18835.89915093301,0.7494317449161302,19065.639854610312,43833.50620480773,2.29908392999505,Moderate (Decelerating),False,,Acceptable
ba4961_C11,11,231953.2479767495,606621.6832428339,27,13537.127103897868,0.6287583461652827,11673.693359557768,44481.65118721541,3.8104179900182418,Erratic (Decelerating),False,,Not Acceptable
ba4961_C12,6,237740.87075177996,702815.7600354494,12,38916.79042251537,0.8199677478061964,34236.6417677859,43584.30976147285,1.2730311009207218,Moderate (Accelerating),True,Dy17,Acceptable
ba4961_C2,11,260796.26006921355,1871747.1673742703,27,57948.993860549686,0.9153976409889315,51144.0073787608,61684.89182649238,1.20610204377745,Steady,False,,Acceptable
ba4961_C3,11,272018.27042643225,2176148.2148449044,27,76367.20328644007,0.960497430354465,62345.50557255306,53483.082933621154,0.8578498552936028,Steady,False,,Acceptable
ba4961_C4,11,245756.5924355076,1625321.709528064,27,52672.33322727862,0.9755638914891984,48520.71272584451,48015.88695594403,0.9895956645824044,Steady,False,,Acceptable
ba4961_C5,11,236151.3123839899,784948.2114361702,27,20776.97079715794,0.7567533212235817,18479.69678384647,42629.97992626847,2.3068549459930705,Moderate (Decelerating),False,,Not Acceptable
ba4961_C6,11,266692.5705958878,216269.58533840312,27,-4508.349673932721,0.24401286520733403,-5542.324211141046,36301.86152449182,6.549934673889826,Erratic (Decelerating),False,,Not Acceptable
ba4961_C7,11,268377.23074636614,623480.9379825096,27,14576.156376732162,0.4979991077143181,13801.718450711302,43644.845041169785,3.1622761467736256,Erratic (Decelerating),False,,Not Acceptable
ba4961_C8,11,271882.4107368776,752650.8631531195,27,16965.73544597947,0.766199496579022,15762.321759350645,36156.958013850075,2.2938852896084785,Moderate (Decelerating),False,,Not Acceptable
ba4961_C9,11,257019.36069959274,1144638.2698313755,27,33634.191948199536,0.9404539056509824,27798.978058438486,45713.502962585204,1.6444310602529035,Steady (Decelerating),False,,Acceptable
ba4961_D1,11,255280.3566732925,707660.403911329,27,12992.609512132016,0.5390148466178799,12916.108897362627,47396.75415950862,3.669584588992331,Erratic (Decelerating),False,,Not Acceptable
ba4961_D10,11,239778.76609510055,904676.1752340979,27,24544.71390783729,0.8952711231662723,20156.507194885784,40932.26559776068,2.0307221485350513,Moderate (Decelerating),False,,Acceptable
ba4961_D11,11,239167.39749210436,753546.3893864048,27,18563.281056271666,0.7439947587321384,17950.98753279738,49193.34630881917,2.7404256294502125,Moderate (Decelerating),False,,Not Acceptable
ba4961_D12,11,242713.3353894822,1388338.2130545396,27,41913.50736484282,0.9524720098857573,37550.53599343686,42107.97452964572,1.1213681353844167,Steady,False,,Acceptable
ba4961_D2,11,271121.5964753712,633682.1498573249,27,11867.161431012264,0.5270168937324691,12799.39808406364,42709.507912955974,3.3368372194105764,Erratic (Decelerating),False,,Not Acceptable
ba4961_D3,11,284082.61085889017,2305123.4603995825,27,77542.97035847441,0.9358771354815176,65870.59054759741,57683.757852523886,0.8757133854879013,Steady (Accelerating),False,,Acceptable
ba4961_D4,11,253799.4860571462,1434788.769415817,27,43996.4431178992,0.9495318111368957,39496.45329242102,44061.765817505955,1.1155879109267002,Steady,False,,Acceptable
ba4961_D5,11,264260.6821528586,1039433.4053819444,27,26687.296627401316,0.8463451630510102,23288.549160110077,52850.16005578821,2.269362496239693,Moderate (Decelerating),False,,Acceptable
ba4961_D6,11,267969.65167770203,762404.311911292,27,17664.19462403176,0.7439504392434092,14908.3500133325,42825.79582139554,2.872604666720096,Moderate (Decelerating),False,,Not Acceptable
ba4961_D7,11,286691.1168983405,3077767.6420591488,27,106995.08414514881,0.9310540279645415,96097.86328436347,78193.22981646153,0.813683334301406,Steady (Accelerating),False,,Acceptable
ba4961_D8,11,266855.60222335346,628016.9730337156,27,13826.6088961279,0.4502377429973785,11933.958097402876,49780.49521276761,4.171331490061212,Erratic (Decelerating),False,,Not Acceptable
ba4961_D9,11,257263.9081407912,1075488.0702524749,27,30082.58195480394,0.9351437819012237,25411.217872387562,38309.6803360563,1.5075893067559156,Steady,False,,Acceptable
ba4961_E1,11,293565.61718980863,730398.9830521387,27,13739.002103934155,0.650255806481644,13222.707156942022,45989.76814159647,3.4780901970933757,Erratic (Decelerating),False,,Not Acceptable
ba4961_E10,11,256163.44465539808,894338.6876281304,27,23468.233120987185,0.931341612557617,21700.86290816599,31623.06411501284,1.4572261134884708,Steady (Decelerating),False,,Not Acceptable
ba4961_E11,11,256475.9219413739,1456300.8669762576,27,44440.05938886841,0.9581646598766732,39909.53370293511,43978.48757048797,1.101954432688689,Steady,False,,Acceptable
ba4961_E12,11,233828.11169260443,1829482.2227555222,27,62570.900110409275,0.9604629356278285,51417.15841852764,60132.60411467491,1.1695046160506364,Steady,False,,Acceptable
ba4961_E2,11,279544.89722776297,633487.4702413933,27,13660.439935115137,0.6505895834517388,10257.662013589726,43501.01396381311,4.240831283598677,Erratic (Decelerating),False,,Not Acceptable
ba4961_E3,11,275129.45731723506,736803.942416288,27,16428.611163483507,0.7073713750203376,14938.739824111972,51453.14525029232,3.4442761475264487,Moderate (Decelerating),False,,Not Acceptable
ba4961_E4,11,269572.7960144476,678030.1663665411,27,15436.680148832113,0.7036021437209162,13816.51132502274,38016.10910291319,2.7514984216068465,Moderate (Decelerating),False,,Not Acceptable
ba4961_E5,11,261638.59014445273,656693.2804604388,27,14964.941811594877,0.6392125278287418,12505.737557677985,45545.1731533456,3.6419421840004005,Erratic (Decelerating),False,,Not Acceptable
ba4961_E6,11,273825.20429750986,661891.2262058122,27,14438.360296096804,0.7310841174522852,11769.150658766051,36700.43426582735,3.1183587779540964,Moderate (Decelerating),False,,Not Acceptable
ba4961_E7,11,268961.4274114514,755279.0379681959,27,19393.20164458127,0.7914436520474432,17596.985268902907,36514.72854020749,2.0750559247631863,Moderate (Decelerating),False,,Not Acceptable
ba4961_E8,11,266339.3354030456,563052.3851973441,27,9671.596971867022,0.40216784591018545,10979.753160962162,43071.74364198066,3.922833510968134,Erratic (Decelerating),False,,Not Acceptable
ba4961_E9,11,253785.90008819074,990705.0975142674,27,29516.728141078933,0.9318511783737821,20927.652103495613,43903.45743174949,2.0978682756493336,Steady (Decelerating),False,,Acceptable
ba4961_F1,11,292750.4590524804,1686139.6215450927,27,48536.738165598974,0.8844346545397082,43608.07457816483,55155.30300856367,1.2647956494777393,Moderate (Accelerating),False,,Acceptable
ba4961_F10,11,257617.14333363343,2151399.652806404,27,75529.11471769249,0.9613452739419165,61483.521278023334,55048.09899999135,0.8953309416204134,Steady,False,,Acceptable
ba4961_F11,11,232523.85867287926,568756.4979441396,27,10241.488664328503,0.5259072551480397,8208.421894229197,41191.563116754274,5.018207354292225,Erratic (Decelerating),False,,Not Acceptable
ba4961_F12,11,219196.0231275626,1642414.5798068575,27,55411.05732973328,0.961916617494392,46229.69892973213,38352.3492879505,0.8296041327512216,Steady,False,,Acceptable
ba4961_F2,11,270428.71205864224,1484529.4112863382,27,46504.13121220818,0.9651545829752242,41670.49258787428,44547.672773162165,1.0690459844989957,Steady,False,,Acceptable
ba4961_F3,11,300575.97717083147,1021211.3933307476,27,25965.58702610939,0.899878464857671,23169.566836271297,45030.382405660086,1.9435142108555221,Moderate (Decelerating),False,,Not Acceptable
ba4961_F4,11,261217.42510683314,530949.7165302249,27,9121.246639083594,0.3918483044353532,8170.615732867252,46371.20323295362,5.675362145158787,Erratic (Decelerating),False,,Not Acceptable
ba4961_F5,11,253636.45442968057,526180.0659399009,27,8777.121519180535,0.29384238157969933,9737.748023519069,48907.50097737765,5.022465241373461,Erratic (Decelerating),False,,Not Acceptable
ba4961_F6,11,263336.83626388654,626712.619606974,27,11761.240399947783,0.6433380696709344,12480.421805321803,36300.557843794326,2.9086002388409122,Erratic (Decelerating),False,,Not Acceptable
ba4961_F7,11,258296.44178140696,1255936.6062594655,27,34865.16260391817,0.9256126652249994,32699.765765414526,42851.49854145793,1.310452767425648,Steady,False,,Acceptable
ba4961_F8,11,254410.8546601424,947194.2033535572,27,26719.15596114251,0.9080916447094608,21047.291710382076,42253.82788901397,2.007566031318474,Steady (Decelerating),False,,Not Acceptable
ba4961_F9,11,263690.0714567288,564901.8415486942,27,10760.061888121269,0.5159010066206133,9612.611958763895,36364.86697902555,3.783037028335614,Erratic (Decelerating),False,,Not Acceptable
ba4961_G1,11,273308.937477202,977408.4797461398,27,23157.25950642773,0.8482907278509183,21259.110664217373,43695.72063416647,2.055387985148111,Moderate,False,,Not Acceptable
ba4961_G10,11,247957.51940629384,930003.9932667977,27,25589.309490417916,0.9116944599177996,22735.384692618492,40066.555191879954,1.762299417123493,Steady (Decelerating),False,,Acceptable
ba4961_G11,11,241843.83337633207,878628.0426224512,27,24977.574632350512,0.871268671740751,19893.29889364761,46130.39206237393,2.318891014959034,Moderate (Decelerating),False,,Not Acceptable
ba4961_G12,11,200583.24565856787,1111834.7545469026,27,32114.40689038014,0.8903929145332856,27186.66348596547,57127.903435965876,2.1013208724732597,Moderate (Decelerating),False,,Acceptable
ba4961_G2,11,275007.1835966358,697868.01922997,27,14158.672571273064,0.5332879520157491,11079.18666837315,62095.445387674255,5.604693489363534,Erratic (Decelerating),False,,Not Acceptable
ba4961_G3,11,279870.96048269427,542669.4294093066,27,8360.424209206292,0.29858224675612693,7943.475021278135,46696.53463364463,5.878602816595876,Erratic (Decelerating),False,,Not Acceptable
ba4961_G4,11,274422.98693155055,1223717.1298227874,27,35864.18254867146,0.9299665246443394,29970.20595830582,46086.00004176097,1.5377271716409036,Steady,False,,Acceptable
ba4961_G5,11,252481.64706846557,1442361.8064755558,27,42455.05321260895,0.9121968119648101,36991.4527846797,57646.33838415067,1.5583691378573095,Steady,False,,Acceptable
ba4961_G6,11,257617.14333363343,667342.2554518967,27,14396.309832635461,0.6758840630911777,12184.318331406563,44906.12970241913,3.685567668292786,Erratic (Decelerating),False,,Not Acceptable
ba4961_G7,11,261774.44983400745,1550000.1661241318,27,47892.49741760479,0.9553533431670491,42043.733501903866,43091.43464360518,1.0249193174448665,Steady,False,,Acceptable
ba4961_G8,11,275482.69251007726,1443296.2686320276,27,43691.511813061436,0.900956644356066,35448.86226569042,58677.35184007954,1.6552675626171245,Steady,False,,Acceptable
ba4961_G9,11,242985.0547685916,863423.564618194,27,24048.84765047864,0.9304180177154155,20231.392029121227,37181.015068465735,1.8377882755149564,Steady (Decelerating),False,,Not Acceptable
ba4961_H1,11,275115.8713482796,785921.6095158281,27,19096.650030748733,0.5519711855812298,16946.72542104157,51970.76017211573,3.0667140040864327,Erratic (Decelerating),False,,Not Acceptable
ba4961_H10,11,245824.52228028496,1411544.0232735851,27,41133.03028271494,0.9339376013576404,40224.378258647266,39268.366864894604,0.9762330349121768,Steady,False,,Acceptable
ba4961_H11,11,247903.17553047196,505816.57811345666,27,7380.141428805679,0.2659800274272449,6963.1594011455545,41554.25543038433,5.967730025474926,Erratic (Decelerating),False,,Not Acceptable
ba4961_H12,11,227456.29225248873,1042450.9394288841,27,27984.003764845973,0.8854052369094642,27127.781973817317,42228.336160163075,1.5566453682398447,Moderate (Decelerating),False,,Acceptable
ba4961_H2,11,266189.8897445354,1789300.350027242,27,56924.5643287672,0.9373769396456724,50473.130143315735,47183.214970541216,0.9348184833507852,Steady (Accelerating),False,,Acceptable
ba4961_H3,11,272167.71608494245,515647.89871800196,27,6981.787560743498,0.26491359059274544,8913.568685040123,33864.17767032444,3.7991716748825395,Erratic (Decelerating),False,,Not Acceptable
ba4961_H4,11,268322.8868705443,459580.1693297041,27,5078.864624522959,0.12834435120751542,4666.946676060981,48794.60993262348,10.455360500027686,Erratic (Decelerating),False,,Not Acceptable
ba4961_H5,11,260076.2037145736,643085.1753068207,27,11638.712842572577,0.6812454979263809,11948.822742685206,37469.03800993646,3.135793275774732,Erratic (Decelerating),False,,Not Acceptable
ba4961_H6,11,271162.3543822376,883592.3728287067,27,21825.61842494388,0.8763768227516144,18663.21362477356,44802.552364316994,2.4005808037714393,Moderate (Decelerating),False,,Acceptable
ba4961_H7,11,270781.94725148444,453116.80608077534,27,3630.07446505136,0.10624093631267915,4143.821606714659,41075.41599391745,9.912447950789856,Erratic (Decelerating),False,,Not Acceptable
ba4961_H8,11,262127.68502684968,531689.499070765,27,8616.816461535274,0.4576730934819546,7932.109650870251,37171.09113345477,4.686154474601424,Erratic (Decelerating),False,,Not Acceptable
ba4961_H9,11,254587.4722565635,3028470.6884578853,27,106721.84226067181,0.9464409120028826,92531.85054936398,77158.90081812163,0.833863154795103,Steady (Accelerating),False,,Acceptable
