setup,split,fold,model,day,threshold,accuracy,precision,recall,f1,TNR,TPR,sensitivity,specificity,balanced_acc,TN,FP,FN,TP,optimal_threshold
overlay,train,0,per_day,24,0.5,0.8164556962025317,0.8211920529801324,0.9841269841269841,0.8953068592057761,0.15625,0.9841269841269841,0.9841269841269841,0.15625,0.5701884920634921,5,27,2,124,0.53
overlay,train,0,per_day,24,0.6,0.22151898734177214,1.0,0.023809523809523808,0.046511627906976744,1.0,0.023809523809523808,0.023809523809523808,1.0,0.5119047619047619,32,0,123,3,0.53
overlay,train,0,per_day,24,0.7,0.20253164556962025,0.0,0.0,0.0,1.0,0.0,0.0,1.0,0.5,32,0,126,0,0.53
overlay,train,0,per_day,24,0.8,0.20253164556962025,0.0,0.0,0.0,1.0,0.0,0.0,1.0,0.5,32,0,126,0,0.53
overlay,train,0,per_day,24,0.9,0.20253164556962025,0.0,0.0,0.0,1.0,0.0,0.0,1.0,0.5,32,0,126,0,0.53
overlay,train,0,per_day,24,0.53,0.7784810126582279,0.8888888888888888,0.8253968253968254,0.8559670781893004,0.59375,0.8253968253968254,0.8253968253968254,0.59375,0.7095734126984127,19,13,22,104,0.53
overlay,val,0,per_day,24,0.5,0.8333333333333334,0.8235294117647058,1.0,0.9032258064516129,0.25,1.0,1.0,0.25,0.625,1,3,0,14,0.53
overlay,val,0,per_day,24,0.6,0.2777777777777778,1.0,0.07142857142857142,0.13333333333333333,1.0,0.07142857142857142,0.07142857142857142,1.0,0.5357142857142857,4,0,13,1,0.53
overlay,val,0,per_day,24,0.7,0.2222222222222222,0.0,0.0,0.0,1.0,0.0,0.0,1.0,0.5,4,0,14,0,0.53
overlay,val,0,per_day,24,0.8,0.2222222222222222,0.0,0.0,0.0,1.0,0.0,0.0,1.0,0.5,4,0,14,0,0.53
overlay,val,0,per_day,24,0.9,0.2222222222222222,0.0,0.0,0.0,1.0,0.0,0.0,1.0,0.5,4,0,14,0,0.53
overlay,val,0,per_day,24,0.53,0.7777777777777778,0.8571428571428571,0.8571428571428571,0.8571428571428571,0.5,0.8571428571428571,0.8571428571428571,0.5,0.6785714285714286,2,2,2,12,0.53
overlay,test,0,per_day,24,0.5,0.8409090909090909,0.85,0.9714285714285714,0.9066666666666666,0.3333333333333333,0.9714285714285714,0.9714285714285714,0.3333333333333333,0.6523809523809524,3,6,1,34,0.53
overlay,test,0,per_day,24,0.6,0.2727272727272727,1.0,0.08571428571428572,0.15789473684210525,1.0,0.08571428571428572,0.08571428571428572,1.0,0.5428571428571428,9,0,32,3,0.53
overlay,test,0,per_day,24,0.7,0.20454545454545456,0.0,0.0,0.0,1.0,0.0,0.0,1.0,0.5,9,0,35,0,0.53
overlay,test,0,per_day,24,0.8,0.20454545454545456,0.0,0.0,0.0,1.0,0.0,0.0,1.0,0.5,9,0,35,0,0.53
overlay,test,0,per_day,24,0.9,0.20454545454545456,0.0,0.0,0.0,1.0,0.0,0.0,1.0,0.5,9,0,35,0,0.53
overlay,test,0,per_day,24,0.53,0.7727272727272727,0.8787878787878788,0.8285714285714286,0.8529411764705882,0.5555555555555556,0.8285714285714286,0.8285714285714286,0.5555555555555556,0.692063492063492,5,4,6,29,0.53
overlay,train,0,per_day,30,0.5,0.8860759493670886,0.9029850746268657,0.9603174603174603,0.9307692307692308,0.59375,0.9603174603174603,0.9603174603174603,0.59375,0.7770337301587302,19,13,5,121,0.56
overlay,train,0,per_day,30,0.6,0.2088607594936709,1.0,0.007936507936507936,0.015748031496062992,1.0,0.007936507936507936,0.007936507936507936,1.0,0.503968253968254,32,0,125,1,0.56
overlay,train,0,per_day,30,0.7,0.20253164556962025,0.0,0.0,0.0,1.0,0.0,0.0,1.0,0.5,32,0,126,0,0.56
overlay,train,0,per_day,30,0.8,0.20253164556962025,0.0,0.0,0.0,1.0,0.0,0.0,1.0,0.5,32,0,126,0,0.56
overlay,train,0,per_day,30,0.9,0.20253164556962025,0.0,0.0,0.0,1.0,0.0,0.0,1.0,0.5,32,0,126,0,0.56
overlay,train,0,per_day,30,0.56,0.5316455696202531,1.0,0.4126984126984127,0.5842696629213483,1.0,0.4126984126984127,0.4126984126984127,1.0,0.7063492063492063,32,0,74,52,0.56
overlay,val,0,per_day,30,0.5,0.8888888888888888,0.875,1.0,0.9333333333333333,0.5,1.0,1.0,0.5,0.75,2,2,0,14,0.56
overlay,val,0,per_day,30,0.6,0.2777777777777778,1.0,0.07142857142857142,0.13333333333333333,1.0,0.07142857142857142,0.07142857142857142,1.0,0.5357142857142857,4,0,13,1,0.56
overlay,val,0,per_day,30,0.7,0.2222222222222222,0.0,0.0,0.0,1.0,0.0,0.0,1.0,0.5,4,0,14,0,0.56
overlay,val,0,per_day,30,0.8,0.2222222222222222,0.0,0.0,0.0,1.0,0.0,0.0,1.0,0.5,4,0,14,0,0.56
overlay,val,0,per_day,30,0.9,0.2222222222222222,0.0,0.0,0.0,1.0,0.0,0.0,1.0,0.5,4,0,14,0,0.56
overlay,val,0,per_day,30,0.56,0.5555555555555556,1.0,0.42857142857142855,0.6,1.0,0.42857142857142855,0.42857142857142855,1.0,0.7142857142857143,4,0,8,6,0.56
overlay,test,0,per_day,30,0.5,0.8636363636363636,0.9393939393939394,0.8857142857142857,0.9117647058823529,0.7777777777777778,0.8857142857142857,0.8857142857142857,0.7777777777777778,0.8317460317460317,7,2,4,31,0.56
overlay,test,0,per_day,30,0.6,0.25,1.0,0.05714285714285714,0.10810810810810811,1.0,0.05714285714285714,0.05714285714285714,1.0,0.5285714285714286,9,0,33,2,0.56
overlay,test,0,per_day,30,0.7,0.20454545454545456,0.0,0.0,0.0,1.0,0.0,0.0,1.0,0.5,9,0,35,0,0.56
overlay,test,0,per_day,30,0.8,0.20454545454545456,0.0,0.0,0.0,1.0,0.0,0.0,1.0,0.5,9,0,35,0,0.56
overlay,test,0,per_day,30,0.9,0.20454545454545456,0.0,0.0,0.0,1.0,0.0,0.0,1.0,0.5,9,0,35,0,0.56
overlay,test,0,per_day,30,0.56,0.5227272727272727,0.9375,0.42857142857142855,0.5882352941176471,0.8888888888888888,0.42857142857142855,0.42857142857142855,0.8888888888888888,0.6587301587301587,8,1,20,15,0.56
overlay,train,0,per_day,15,0.5,0.8037974683544303,0.802547770700637,1.0,0.8904593639575972,0.03125,1.0,1.0,0.03125,0.515625,1,31,0,126,0.5700000000000001
overlay,train,0,per_day,15,0.6,0.2088607594936709,1.0,0.007936507936507936,0.015748031496062992,1.0,0.007936507936507936,0.007936507936507936,1.0,0.503968253968254,32,0,125,1,0.5700000000000001
overlay,train,0,per_day,15,0.7,0.20253164556962025,0.0,0.0,0.0,1.0,0.0,0.0,1.0,0.5,32,0,126,0,0.5700000000000001
overlay,train,0,per_day,15,0.8,0.20253164556962025,0.0,0.0,0.0,1.0,0.0,0.0,1.0,0.5,32,0,126,0,0.5700000000000001
overlay,train,0,per_day,15,0.9,0.20253164556962025,0.0,0.0,0.0,1.0,0.0,0.0,1.0,0.5,32,0,126,0,0.5700000000000001
overlay,train,0,per_day,15,0.5700000000000001,0.35443037974683544,0.9,0.21428571428571427,0.34615384615384615,0.90625,0.21428571428571427,0.21428571428571427,0.90625,0.5602678571428571,29,3,99,27,0.5700000000000001
overlay,val,0,per_day,15,0.5,0.7777777777777778,0.7777777777777778,1.0,0.875,0.0,1.0,1.0,0.0,0.5,0,4,0,14,0.5700000000000001
overlay,val,0,per_day,15,0.6,0.2222222222222222,0.0,0.0,0.0,1.0,0.0,0.0,1.0,0.5,4,0,14,0,0.5700000000000001
overlay,val,0,per_day,15,0.7,0.2222222222222222,0.0,0.0,0.0,1.0,0.0,0.0,1.0,0.5,4,0,14,0,0.5700000000000001
overlay,val,0,per_day,15,0.8,0.2222222222222222,0.0,0.0,0.0,1.0,0.0,0.0,1.0,0.5,4,0,14,0,0.5700000000000001
overlay,val,0,per_day,15,0.9,0.2222222222222222,0.0,0.0,0.0,1.0,0.0,0.0,1.0,0.5,4,0,14,0,0.5700000000000001
overlay,val,0,per_day,15,0.5700000000000001,0.4444444444444444,1.0,0.2857142857142857,0.4444444444444444,1.0,0.2857142857142857,0.2857142857142857,1.0,0.6428571428571428,4,0,10,4,0.5700000000000001
overlay,test,0,per_day,15,0.5,0.7954545454545454,0.7954545454545454,1.0,0.8860759493670886,0.0,1.0,1.0,0.0,0.5,0,9,0,35,0.5700000000000001
overlay,test,0,per_day,15,0.6,0.20454545454545456,0.0,0.0,0.0,1.0,0.0,0.0,1.0,0.5,9,0,35,0,0.5700000000000001
overlay,test,0,per_day,15,0.7,0.20454545454545456,0.0,0.0,0.0,1.0,0.0,0.0,1.0,0.5,9,0,35,0,0.5700000000000001
overlay,test,0,per_day,15,0.8,0.20454545454545456,0.0,0.0,0.0,1.0,0.0,0.0,1.0,0.5,9,0,35,0,0.5700000000000001
overlay,test,0,per_day,15,0.9,0.20454545454545456,0.0,0.0,0.0,1.0,0.0,0.0,1.0,0.5,9,0,35,0,0.5700000000000001
overlay,test,0,per_day,15,0.5700000000000001,0.3181818181818182,0.8571428571428571,0.17142857142857143,0.2857142857142857,0.8888888888888888,0.17142857142857143,0.17142857142857143,0.8888888888888888,0.5301587301587302,8,1,29,6,0.5700000000000001
overlay,train,0,per_day,6,0.5,0.8291139240506329,0.8461538461538461,0.9603174603174603,0.8996282527881041,0.3125,0.9603174603174603,0.9603174603174603,0.3125,0.6364087301587302,10,22,5,121,0.56
overlay,train,0,per_day,6,0.6,0.3670886075949367,0.9333333333333333,0.2222222222222222,0.358974358974359,0.9375,0.2222222222222222,0.2222222222222222,0.9375,0.5798611111111112,30,2,98,28,0.56
overlay,train,0,per_day,6,0.7,0.20253164556962025,0.0,0.0,0.0,1.0,0.0,0.0,1.0,0.5,32,0,126,0,0.56
overlay,train,0,per_day,6,0.8,0.20253164556962025,0.0,0.0,0.0,1.0,0.0,0.0,1.0,0.5,32,0,126,0,0.56
overlay,train,0,per_day,6,0.9,0.20253164556962025,0.0,0.0,0.0,1.0,0.0,0.0,1.0,0.5,32,0,126,0,0.56
overlay,train,0,per_day,6,0.56,0.5949367088607594,0.9078947368421053,0.5476190476190477,0.6831683168316832,0.78125,0.5476190476190477,0.5476190476190477,0.78125,0.6644345238095238,25,7,57,69,0.56
overlay,val,0,per_day,6,0.5,0.8333333333333334,0.8235294117647058,1.0,0.9032258064516129,0.25,1.0,1.0,0.25,0.625,1,3,0,14,0.56
overlay,val,0,per_day,6,0.6,0.4444444444444444,0.8333333333333334,0.35714285714285715,0.5,0.75,0.35714285714285715,0.35714285714285715,0.75,0.5535714285714286,3,1,9,5,0.56
overlay,val,0,per_day,6,0.7,0.2777777777777778,1.0,0.07142857142857142,0.13333333333333333,1.0,0.07142857142857142,0.07142857142857142,1.0,0.5357142857142857,4,0,13,1,0.56
overlay,val,0,per_day,6,0.8,0.2222222222222222,0.0,0.0,0.0,1.0,0.0,0.0,1.0,0.5,4,0,14,0,0.56
overlay,val,0,per_day,6,0.9,0.2222222222222222,0.0,0.0,0.0,1.0,0.0,0.0,1.0,0.5,4,0,14,0,0.56
overlay,val,0,per_day,6,0.56,0.7222222222222222,0.9090909090909091,0.7142857142857143,0.8,0.75,0.7142857142857143,0.7142857142857143,0.75,0.7321428571428572,3,1,4,10,0.56
overlay,test,0,per_day,6,0.5,0.7954545454545454,0.8421052631578947,0.9142857142857143,0.8767123287671232,0.3333333333333333,0.9142857142857143,0.9142857142857143,0.3333333333333333,0.6238095238095238,3,6,3,32,0.56
overlay,test,0,per_day,6,0.6,0.3409090909090909,1.0,0.17142857142857143,0.2926829268292683,1.0,0.17142857142857143,0.17142857142857143,1.0,0.5857142857142857,9,0,29,6,0.56
overlay,test,0,per_day,6,0.7,0.20454545454545456,0.0,0.0,0.0,1.0,0.0,0.0,1.0,0.5,9,0,35,0,0.56
overlay,test,0,per_day,6,0.8,0.20454545454545456,0.0,0.0,0.0,1.0,0.0,0.0,1.0,0.5,9,0,35,0,0.56
overlay,test,0,per_day,6,0.9,0.20454545454545456,0.0,0.0,0.0,1.0,0.0,0.0,1.0,0.5,9,0,35,0,0.56
overlay,test,0,per_day,6,0.56,0.5909090909090909,0.9473684210526315,0.5142857142857142,0.6666666666666666,0.8888888888888888,0.5142857142857142,0.5142857142857142,0.8888888888888888,0.7015873015873015,8,1,17,18,0.56
overlay,train,0,per_day,10,0.5,0.47468354430379744,0.9777777777777777,0.3492063492063492,0.5146198830409356,0.96875,0.3492063492063492,0.3492063492063492,0.96875,0.6589781746031746,31,1,82,44,0.5
overlay,train,0,per_day,10,0.6,0.2088607594936709,1.0,0.007936507936507936,0.015748031496062992,1.0,0.007936507936507936,0.007936507936507936,1.0,0.503968253968254,32,0,125,1,0.5
overlay,train,0,per_day,10,0.7,0.20253164556962025,0.0,0.0,0.0,1.0,0.0,0.0,1.0,0.5,32,0,126,0,0.5
overlay,train,0,per_day,10,0.8,0.20253164556962025,0.0,0.0,0.0,1.0,0.0,0.0,1.0,0.5,32,0,126,0,0.5
overlay,train,0,per_day,10,0.9,0.20253164556962025,0.0,0.0,0.0,1.0,0.0,0.0,1.0,0.5,32,0,126,0,0.5
overlay,train,0,per_day,10,0.5,0.47468354430379744,0.9777777777777777,0.3492063492063492,0.5146198830409356,0.96875,0.3492063492063492,0.3492063492063492,0.96875,0.6589781746031746,31,1,82,44,0.5
overlay,val,0,per_day,10,0.5,0.6111111111111112,1.0,0.5,0.6666666666666666,1.0,0.5,0.5,1.0,0.75,4,0,7,7,0.5
overlay,val,0,per_day,10,0.6,0.2222222222222222,0.0,0.0,0.0,1.0,0.0,0.0,1.0,0.5,4,0,14,0,0.5
overlay,val,0,per_day,10,0.7,0.2222222222222222,0.0,0.0,0.0,1.0,0.0,0.0,1.0,0.5,4,0,14,0,0.5
overlay,val,0,per_day,10,0.8,0.2222222222222222,0.0,0.0,0.0,1.0,0.0,0.0,1.0,0.5,4,0,14,0,0.5
overlay,val,0,per_day,10,0.9,0.2222222222222222,0.0,0.0,0.0,1.0,0.0,0.0,1.0,0.5,4,0,14,0,0.5
overlay,val,0,per_day,10,0.5,0.6111111111111112,1.0,0.5,0.6666666666666666,1.0,0.5,0.5,1.0,0.75,4,0,7,7,0.5
overlay,test,0,per_day,10,0.5,0.4772727272727273,0.9285714285714286,0.37142857142857144,0.5306122448979592,0.8888888888888888,0.37142857142857144,0.37142857142857144,0.8888888888888888,0.6301587301587301,8,1,22,13,0.5
overlay,test,0,per_day,10,0.6,0.20454545454545456,0.0,0.0,0.0,1.0,0.0,0.0,1.0,0.5,9,0,35,0,0.5
overlay,test,0,per_day,10,0.7,0.20454545454545456,0.0,0.0,0.0,1.0,0.0,0.0,1.0,0.5,9,0,35,0,0.5
overlay,test,0,per_day,10,0.8,0.20454545454545456,0.0,0.0,0.0,1.0,0.0,0.0,1.0,0.5,9,0,35,0,0.5
overlay,test,0,per_day,10,0.9,0.20454545454545456,0.0,0.0,0.0,1.0,0.0,0.0,1.0,0.5,9,0,35,0,0.5
overlay,test,0,per_day,10,0.5,0.4772727272727273,0.9285714285714286,0.37142857142857144,0.5306122448979592,0.8888888888888888,0.37142857142857144,0.37142857142857144,0.8888888888888888,0.6301587301587301,8,1,22,13,0.5
overlay,train,0,per_day,28,0.5,0.8734177215189873,0.9140625,0.9285714285714286,0.9212598425196851,0.65625,0.9285714285714286,0.9285714285714286,0.65625,0.7924107142857143,21,11,9,117,0.5700000000000001
overlay,train,0,per_day,28,0.6,0.3037974683544304,1.0,0.12698412698412698,0.22535211267605634,1.0,0.12698412698412698,0.12698412698412698,1.0,0.5634920634920635,32,0,110,16,0.5700000000000001
overlay,train,0,per_day,28,0.7,0.20253164556962025,0.0,0.0,0.0,1.0,0.0,0.0,1.0,0.5,32,0,126,0,0.5700000000000001
overlay,train,0,per_day,28,0.8,0.20253164556962025,0.0,0.0,0.0,1.0,0.0,0.0,1.0,0.5,32,0,126,0,0.5700000000000001
overlay,train,0,per_day,28,0.9,0.20253164556962025,0.0,0.0,0.0,1.0,0.0,0.0,1.0,0.5,32,0,126,0,0.5700000000000001
overlay,train,0,per_day,28,0.5700000000000001,0.5253164556962026,1.0,0.40476190476190477,0.576271186440678,1.0,0.40476190476190477,0.40476190476190477,1.0,0.7023809523809523,32,0,75,51,0.5700000000000001
overlay,val,0,per_day,28,0.5,0.8888888888888888,0.875,1.0,0.9333333333333333,0.5,1.0,1.0,0.5,0.75,2,2,0,14,0.5700000000000001
overlay,val,0,per_day,28,0.6,0.2222222222222222,0.0,0.0,0.0,1.0,0.0,0.0,1.0,0.5,4,0,14,0,0.5700000000000001
overlay,val,0,per_day,28,0.7,0.2222222222222222,0.0,0.0,0.0,1.0,0.0,0.0,1.0,0.5,4,0,14,0,0.5700000000000001
overlay,val,0,per_day,28,0.8,0.2222222222222222,0.0,0.0,0.0,1.0,0.0,0.0,1.0,0.5,4,0,14,0,0.5700000000000001
overlay,val,0,per_day,28,0.9,0.2222222222222222,0.0,0.0,0.0,1.0,0.0,0.0,1.0,0.5,4,0,14,0,0.5700000000000001
overlay,val,0,per_day,28,0.5700000000000001,0.5555555555555556,1.0,0.42857142857142855,0.6,1.0,0.42857142857142855,0.42857142857142855,1.0,0.7142857142857143,4,0,8,6,0.5700000000000001
overlay,test,0,per_day,28,0.5,0.8181818181818182,0.8857142857142857,0.8857142857142857,0.8857142857142857,0.5555555555555556,0.8857142857142857,0.8857142857142857,0.5555555555555556,0.7206349206349206,5,4,4,31,0.5700000000000001
overlay,test,0,per_day,28,0.6,0.3181818181818182,0.8571428571428571,0.17142857142857143,0.2857142857142857,0.8888888888888888,0.17142857142857143,0.17142857142857143,0.8888888888888888,0.5301587301587302,8,1,29,6,0.5700000000000001
overlay,test,0,per_day,28,0.7,0.20454545454545456,0.0,0.0,0.0,1.0,0.0,0.0,1.0,0.5,9,0,35,0,0.5700000000000001
overlay,test,0,per_day,28,0.8,0.20454545454545456,0.0,0.0,0.0,1.0,0.0,0.0,1.0,0.5,9,0,35,0,0.5700000000000001
overlay,test,0,per_day,28,0.9,0.20454545454545456,0.0,0.0,0.0,1.0,0.0,0.0,1.0,0.5,9,0,35,0,0.5700000000000001
overlay,test,0,per_day,28,0.5700000000000001,0.4090909090909091,0.9090909090909091,0.2857142857142857,0.43478260869565216,0.8888888888888888,0.2857142857142857,0.2857142857142857,0.8888888888888888,0.5873015873015872,8,1,25,10,0.5700000000000001
overlay,train,0,per_day,17,0.5,0.7658227848101266,0.9238095238095239,0.7698412698412699,0.8398268398268398,0.75,0.7698412698412699,0.7698412698412699,0.75,0.7599206349206349,24,8,29,97,0.49
overlay,train,0,per_day,17,0.6,0.2088607594936709,1.0,0.007936507936507936,0.015748031496062992,1.0,0.007936507936507936,0.007936507936507936,1.0,0.503968253968254,32,0,125,1,0.49
overlay,train,0,per_day,17,0.7,0.20253164556962025,0.0,0.0,0.0,1.0,0.0,0.0,1.0,0.5,32,0,126,0,0.49
overlay,train,0,per_day,17,0.8,0.20253164556962025,0.0,0.0,0.0,1.0,0.0,0.0,1.0,0.5,32,0,126,0,0.49
overlay,train,0,per_day,17,0.9,0.20253164556962025,0.0,0.0,0.0,1.0,0.0,0.0,1.0,0.5,32,0,126,0,0.49
overlay,train,0,per_day,17,0.49,0.7911392405063291,0.8661417322834646,0.873015873015873,0.8695652173913043,0.46875,0.873015873015873,0.873015873015873,0.46875,0.6708829365079365,15,17,16,110,0.49
overlay,val,0,per_day,17,0.5,0.8333333333333334,0.9230769230769231,0.8571428571428571,0.8888888888888888,0.75,0.8571428571428571,0.8571428571428571,0.75,0.8035714285714286,3,1,2,12,0.49
overlay,val,0,per_day,17,0.6,0.2222222222222222,0.0,0.0,0.0,1.0,0.0,0.0,1.0,0.5,4,0,14,0,0.49
overlay,val,0,per_day,17,0.7,0.2222222222222222,0.0,0.0,0.0,1.0,0.0,0.0,1.0,0.5,4,0,14,0,0.49
overlay,val,0,per_day,17,0.8,0.2222222222222222,0.0,0.0,0.0,1.0,0.0,0.0,1.0,0.5,4,0,14,0,0.49
overlay,val,0,per_day,17,0.9,0.2222222222222222,0.0,0.0,0.0,1.0,0.0,0.0,1.0,0.5,4,0,14,0,0.49
overlay,val,0,per_day,17,0.49,0.8333333333333334,0.9230769230769231,0.8571428571428571,0.8888888888888888,0.75,0.8571428571428571,0.8571428571428571,0.75,0.8035714285714286,3,1,2,12,0.49
overlay,test,0,per_day,17,0.5,0.6363636363636364,0.8275862068965517,0.6857142857142857,0.75,0.4444444444444444,0.6857142857142857,0.6857142857142857,0.4444444444444444,0.5650793650793651,4,5,11,24,0.49
overlay,test,0,per_day,17,0.6,0.20454545454545456,0.0,0.0,0.0,1.0,0.0,0.0,1.0,0.5,9,0,35,0,0.49
overlay,test,0,per_day,17,0.7,0.20454545454545456,0.0,0.0,0.0,1.0,0.0,0.0,1.0,0.5,9,0,35,0,0.49
overlay,test,0,per_day,17,0.8,0.20454545454545456,0.0,0.0,0.0,1.0,0.0,0.0,1.0,0.5,9,0,35,0,0.49
overlay,test,0,per_day,17,0.9,0.20454545454545456,0.0,0.0,0.0,1.0,0.0,0.0,1.0,0.5,9,0,35,0,0.49
overlay,test,0,per_day,17,0.49,0.7272727272727273,0.8285714285714286,0.8285714285714286,0.8285714285714286,0.3333333333333333,0.8285714285714286,0.8285714285714286,0.3333333333333333,0.580952380952381,3,6,6,29,0.49
overlay,train,0,per_day,20.5,0.5,0.8544303797468354,0.912,0.9047619047619048,0.9083665338645418,0.65625,0.9047619047619048,0.9047619047619048,0.65625,0.7805059523809523,21,11,12,114,0.5700000000000001
overlay,train,0,per_day,20.5,0.6,0.6265822784810127,0.958904109589041,0.5555555555555556,0.7035175879396985,0.90625,0.5555555555555556,0.5555555555555556,0.90625,0.7309027777777778,29,3,56,70,0.5700000000000001
overlay,train,0,per_day,20.5,0.7,0.3037974683544304,1.0,0.12698412698412698,0.22535211267605634,1.0,0.12698412698412698,0.12698412698412698,1.0,0.5634920634920635,32,0,110,16,0.5700000000000001
overlay,train,0,per_day,20.5,0.8,0.2088607594936709,1.0,0.007936507936507936,0.015748031496062992,1.0,0.007936507936507936,0.007936507936507936,1.0,0.503968253968254,32,0,125,1,0.5700000000000001
overlay,train,0,per_day,20.5,0.9,0.20253164556962025,0.0,0.0,0.0,1.0,0.0,0.0,1.0,0.5,32,0,126,0,0.5700000000000001
overlay,train,0,per_day,20.5,0.5700000000000001,0.7278481012658228,0.9662921348314607,0.6825396825396826,0.8,0.90625,0.6825396825396826,0.6825396825396826,0.90625,0.7943948412698413,29,3,40,86,0.5700000000000001
overlay,val,0,per_day,20.5,0.5,0.8888888888888888,0.875,1.0,0.9333333333333333,0.5,1.0,1.0,0.5,0.75,2,2,0,14,0.5700000000000001
overlay,val,0,per_day,20.5,0.6,0.8333333333333334,0.9230769230769231,0.8571428571428571,0.8888888888888888,0.75,0.8571428571428571,0.8571428571428571,0.75,0.8035714285714286,3,1,2,12,0.5700000000000001
overlay,val,0,per_day,20.5,0.7,0.3888888888888889,1.0,0.21428571428571427,0.35294117647058826,1.0,0.21428571428571427,0.21428571428571427,1.0,0.6071428571428571,4,0,11,3,0.5700000000000001
overlay,val,0,per_day,20.5,0.8,0.2222222222222222,0.0,0.0,0.0,1.0,0.0,0.0,1.0,0.5,4,0,14,0,0.5700000000000001
overlay,val,0,per_day,20.5,0.9,0.2222222222222222,0.0,0.0,0.0,1.0,0.0,0.0,1.0,0.5,4,0,14,0,0.5700000000000001
overlay,val,0,per_day,20.5,0.5700000000000001,0.8888888888888888,0.9285714285714286,0.9285714285714286,0.9285714285714286,0.75,0.9285714285714286,0.9285714285714286,0.75,0.8392857142857143,3,1,1,13,0.5700000000000001
overlay,test,0,per_day,20.5,0.5,0.8181818181818182,0.8857142857142857,0.8857142857142857,0.8857142857142857,0.5555555555555556,0.8857142857142857,0.8857142857142857,0.5555555555555556,0.7206349206349206,5,4,4,31,0.5700000000000001
overlay,test,0,per_day,20.5,0.6,0.5454545454545454,0.8947368421052632,0.4857142857142857,0.6296296296296297,0.7777777777777778,0.4857142857142857,0.4857142857142857,0.7777777777777778,0.6317460317460317,7,2,18,17,0.5700000000000001
overlay,test,0,per_day,20.5,0.7,0.3409090909090909,1.0,0.17142857142857143,0.2926829268292683,1.0,0.17142857142857143,0.17142857142857143,1.0,0.5857142857142857,9,0,29,6,0.5700000000000001
overlay,test,0,per_day,20.5,0.8,0.20454545454545456,0.0,0.0,0.0,1.0,0.0,0.0,1.0,0.5,9,0,35,0,0.5700000000000001
overlay,test,0,per_day,20.5,0.9,0.20454545454545456,0.0,0.0,0.0,1.0,0.0,0.0,1.0,0.5,9,0,35,0,0.5700000000000001
overlay,test,0,per_day,20.5,0.5700000000000001,0.6590909090909091,0.9166666666666666,0.6285714285714286,0.7457627118644068,0.7777777777777778,0.6285714285714286,0.6285714285714286,0.7777777777777778,0.7031746031746031,7,2,13,22,0.5700000000000001
overlay,train,0,per_day,13,0.5,0.759493670886076,0.8793103448275862,0.8095238095238095,0.8429752066115702,0.5625,0.8095238095238095,0.8095238095238095,0.5625,0.6860119047619048,18,14,24,102,0.5
overlay,train,0,per_day,13,0.6,0.21518987341772153,1.0,0.015873015873015872,0.03125,1.0,0.015873015873015872,0.015873015873015872,1.0,0.5079365079365079,32,0,124,2,0.5
overlay,train,0,per_day,13,0.7,0.20253164556962025,0.0,0.0,0.0,1.0,0.0,0.0,1.0,0.5,32,0,126,0,0.5
overlay,train,0,per_day,13,0.8,0.20253164556962025,0.0,0.0,0.0,1.0,0.0,0.0,1.0,0.5,32,0,126,0,0.5
overlay,train,0,per_day,13,0.9,0.20253164556962025,0.0,0.0,0.0,1.0,0.0,0.0,1.0,0.5,32,0,126,0,0.5
overlay,train,0,per_day,13,0.5,0.759493670886076,0.8793103448275862,0.8095238095238095,0.8429752066115702,0.5625,0.8095238095238095,0.8095238095238095,0.5625,0.6860119047619048,18,14,24,102,0.5
overlay,val,0,per_day,13,0.5,0.8333333333333334,0.9230769230769231,0.8571428571428571,0.8888888888888888,0.75,0.8571428571428571,0.8571428571428571,0.75,0.8035714285714286,3,1,2,12,0.5
overlay,val,0,per_day,13,0.6,0.2222222222222222,0.0,0.0,0.0,1.0,0.0,0.0,1.0,0.5,4,0,14,0,0.5
overlay,val,0,per_day,13,0.7,0.2222222222222222,0.0,0.0,0.0,1.0,0.0,0.0,1.0,0.5,4,0,14,0,0.5
overlay,val,0,per_day,13,0.8,0.2222222222222222,0.0,0.0,0.0,1.0,0.0,0.0,1.0,0.5,4,0,14,0,0.5
overlay,val,0,per_day,13,0.9,0.2222222222222222,0.0,0.0,0.0,1.0,0.0,0.0,1.0,0.5,4,0,14,0,0.5
overlay,val,0,per_day,13,0.5,0.8333333333333334,0.9230769230769231,0.8571428571428571,0.8888888888888888,0.75,0.8571428571428571,0.8571428571428571,0.75,0.8035714285714286,3,1,2,12,0.5
overlay,test,0,per_day,13,0.5,0.7954545454545454,0.8611111111111112,0.8857142857142857,0.8732394366197183,0.4444444444444444,0.8857142857142857,0.8857142857142857,0.4444444444444444,0.665079365079365,4,5,4,31,0.5
overlay,test,0,per_day,13,0.6,0.20454545454545456,0.0,0.0,0.0,1.0,0.0,0.0,1.0,0.5,9,0,35,0,0.5
overlay,test,0,per_day,13,0.7,0.20454545454545456,0.0,0.0,0.0,1.0,0.0,0.0,1.0,0.5,9,0,35,0,0.5
overlay,test,0,per_day,13,0.8,0.20454545454545456,0.0,0.0,0.0,1.0,0.0,0.0,1.0,0.5,9,0,35,0,0.5
overlay,test,0,per_day,13,0.9,0.20454545454545456,0.0,0.0,0.0,1.0,0.0,0.0,1.0,0.5,9,0,35,0,0.5
overlay,test,0,per_day,13,0.5,0.7954545454545454,0.8611111111111112,0.8857142857142857,0.8732394366197183,0.4444444444444444,0.8857142857142857,0.8857142857142857,0.4444444444444444,0.665079365079365,4,5,4,31,0.5
overlay,train,0,per_day,26,0.5,0.8164556962025317,0.8211920529801324,0.9841269841269841,0.8953068592057761,0.15625,0.9841269841269841,0.9841269841269841,0.15625,0.5701884920634921,5,27,2,124,0.52
overlay,train,0,per_day,26,0.6,0.22151898734177214,1.0,0.023809523809523808,0.046511627906976744,1.0,0.023809523809523808,0.023809523809523808,1.0,0.5119047619047619,32,0,123,3,0.52
overlay,train,0,per_day,26,0.7,0.20253164556962025,0.0,0.0,0.0,1.0,0.0,0.0,1.0,0.5,32,0,126,0,0.52
overlay,train,0,per_day,26,0.8,0.20253164556962025,0.0,0.0,0.0,1.0,0.0,0.0,1.0,0.5,32,0,126,0,0.52
overlay,train,0,per_day,26,0.9,0.20253164556962025,0.0,0.0,0.0,1.0,0.0,0.0,1.0,0.5,32,0,126,0,0.52
overlay,train,0,per_day,26,0.52,0.810126582278481,0.875,0.8888888888888888,0.8818897637795275,0.5,0.8888888888888888,0.8888888888888888,0.5,0.6944444444444444,16,16,14,112,0.52
overlay,val,0,per_day,26,0.5,0.8333333333333334,0.8235294117647058,1.0,0.9032258064516129,0.25,1.0,1.0,0.25,0.625,1,3,0,14,0.52
overlay,val,0,per_day,26,0.6,0.2777777777777778,1.0,0.07142857142857142,0.13333333333333333,1.0,0.07142857142857142,0.07142857142857142,1.0,0.5357142857142857,4,0,13,1,0.52
overlay,val,0,per_day,26,0.7,0.2222222222222222,0.0,0.0,0.0,1.0,0.0,0.0,1.0,0.5,4,0,14,0,0.52
overlay,val,0,per_day,26,0.8,0.2222222222222222,0.0,0.0,0.0,1.0,0.0,0.0,1.0,0.5,4,0,14,0,0.52
overlay,val,0,per_day,26,0.9,0.2222222222222222,0.0,0.0,0.0,1.0,0.0,0.0,1.0,0.5,4,0,14,0,0.52
overlay,val,0,per_day,26,0.52,0.8333333333333334,0.8666666666666667,0.9285714285714286,0.896551724137931,0.5,0.9285714285714286,0.9285714285714286,0.5,0.7142857142857143,2,2,1,13,0.52
overlay,test,0,per_day,26,0.5,0.8409090909090909,0.85,0.9714285714285714,0.9066666666666666,0.3333333333333333,0.9714285714285714,0.9714285714285714,0.3333333333333333,0.6523809523809524,3,6,1,34,0.52
overlay,test,0,per_day,26,0.6,0.2727272727272727,1.0,0.08571428571428572,0.15789473684210525,1.0,0.08571428571428572,0.08571428571428572,1.0,0.5428571428571428,9,0,32,3,0.52
overlay,test,0,per_day,26,0.7,0.20454545454545456,0.0,0.0,0.0,1.0,0.0,0.0,1.0,0.5,9,0,35,0,0.52
overlay,test,0,per_day,26,0.8,0.20454545454545456,0.0,0.0,0.0,1.0,0.0,0.0,1.0,0.5,9,0,35,0,0.52
overlay,test,0,per_day,26,0.9,0.20454545454545456,0.0,0.0,0.0,1.0,0.0,0.0,1.0,0.5,9,0,35,0,0.52
overlay,test,0,per_day,26,0.52,0.7954545454545454,0.8611111111111112,0.8857142857142857,0.8732394366197183,0.4444444444444444,0.8857142857142857,0.8857142857142857,0.4444444444444444,0.665079365079365,4,5,4,31,0.52
overlay,train,0,per_day,8,0.5,0.740506329113924,0.8346456692913385,0.8412698412698413,0.8379446640316206,0.34375,0.8412698412698413,0.8412698412698413,0.34375,0.5925099206349207,11,21,20,106,0.53
overlay,train,0,per_day,8,0.6,0.20253164556962025,0.0,0.0,0.0,1.0,0.0,0.0,1.0,0.5,32,0,126,0,0.53
overlay,train,0,per_day,8,0.7,0.20253164556962025,0.0,0.0,0.0,1.0,0.0,0.0,1.0,0.5,32,0,126,0,0.53
overlay,train,0,per_day,8,0.8,0.20253164556962025,0.0,0.0,0.0,1.0,0.0,0.0,1.0,0.5,32,0,126,0,0.53
overlay,train,0,per_day,8,0.9,0.20253164556962025,0.0,0.0,0.0,1.0,0.0,0.0,1.0,0.5,32,0,126,0,0.53
overlay,train,0,per_day,8,0.53,0.2974683544303797,0.8571428571428571,0.14285714285714285,0.24489795918367346,0.90625,0.14285714285714285,0.14285714285714285,0.90625,0.5245535714285714,29,3,108,18,0.53
overlay,val,0,per_day,8,0.5,0.7777777777777778,0.8125,0.9285714285714286,0.8666666666666667,0.25,0.9285714285714286,0.9285714285714286,0.25,0.5892857142857143,1,3,1,13,0.53
overlay,val,0,per_day,8,0.6,0.2222222222222222,0.0,0.0,0.0,1.0,0.0,0.0,1.0,0.5,4,0,14,0,0.53
overlay,val,0,per_day,8,0.7,0.2222222222222222,0.0,0.0,0.0,1.0,0.0,0.0,1.0,0.5,4,0,14,0,0.53
overlay,val,0,per_day,8,0.8,0.2222222222222222,0.0,0.0,0.0,1.0,0.0,0.0,1.0,0.5,4,0,14,0,0.53
overlay,val,0,per_day,8,0.9,0.2222222222222222,0.0,0.0,0.0,1.0,0.0,0.0,1.0,0.5,4,0,14,0,0.53
overlay,val,0,per_day,8,0.53,0.3888888888888889,1.0,0.21428571428571427,0.35294117647058826,1.0,0.21428571428571427,0.21428571428571427,1.0,0.6071428571428571,4,0,11,3,0.53
overlay,test,0,per_day,8,0.5,0.6590909090909091,0.7941176470588235,0.7714285714285715,0.782608695652174,0.2222222222222222,0.7714285714285715,0.7714285714285715,0.2222222222222222,0.49682539682539684,2,7,8,27,0.53
overlay,test,0,per_day,8,0.6,0.20454545454545456,0.0,0.0,0.0,1.0,0.0,0.0,1.0,0.5,9,0,35,0,0.53
overlay,test,0,per_day,8,0.7,0.20454545454545456,0.0,0.0,0.0,1.0,0.0,0.0,1.0,0.5,9,0,35,0,0.53
overlay,test,0,per_day,8,0.8,0.20454545454545456,0.0,0.0,0.0,1.0,0.0,0.0,1.0,0.5,9,0,35,0,0.53
overlay,test,0,per_day,8,0.9,0.20454545454545456,0.0,0.0,0.0,1.0,0.0,0.0,1.0,0.5,9,0,35,0,0.53
overlay,test,0,per_day,8,0.53,0.36363636363636365,0.7692307692307693,0.2857142857142857,0.4166666666666667,0.6666666666666666,0.2857142857142857,0.2857142857142857,0.6666666666666666,0.47619047619047616,6,3,25,10,0.53
overlay,train,0,effnet_ts,6,0.5,0.8732394366197183,0.875,0.9916666666666667,0.9296875,0.22727272727272727,0.9916666666666667,0.9916666666666667,0.22727272727272727,0.609469696969697,5,17,1,119,0.76
overlay,train,0,effnet_ts,6,0.6,0.8943661971830986,0.926829268292683,0.95,0.9382716049382716,0.5909090909090909,0.95,0.95,0.5909090909090909,0.7704545454545455,13,9,6,114,0.76
overlay,train,0,effnet_ts,6,0.7,0.9014084507042254,0.9732142857142857,0.9083333333333333,0.9396551724137931,0.8636363636363636,0.9083333333333333,0.9083333333333333,0.8636363636363636,0.8859848484848485,19,3,11,109,0.76
overlay,train,0,effnet_ts,6,0.8,0.8943661971830986,1.0,0.875,0.9333333333333333,1.0,0.875,0.875,1.0,0.9375,22,0,15,105,0.76
overlay,train,0,effnet_ts,6,0.9,0.823943661971831,1.0,0.7916666666666666,0.8837209302325582,1.0,0.7916666666666666,0.7916666666666666,1.0,0.8958333333333333,22,0,25,95,0.76
overlay,train,0,effnet_ts,6,0.76,0.9225352112676056,1.0,0.9083333333333333,0.9519650655021834,1.0,0.9083333333333333,0.9083333333333333,1.0,0.9541666666666666,22,0,11,109,0.76
overlay,val,0,effnet_ts,6,0.5,0.8823529411764706,0.875,1.0,0.9333333333333333,0.3333333333333333,1.0,1.0,0.3333333333333333,0.6666666666666666,1,2,0,14,0.76
overlay,val,0,effnet_ts,6,0.6,0.8823529411764706,0.875,1.0,0.9333333333333333,0.3333333333333333,1.0,1.0,0.3333333333333333,0.6666666666666666,1,2,0,14,0.76
overlay,val,0,effnet_ts,6,0.7,0.7058823529411765,0.8461538461538461,0.7857142857142857,0.8148148148148148,0.3333333333333333,0.7857142857142857,0.7857142857142857,0.3333333333333333,0.5595238095238095,1,2,3,11,0.76
overlay,val,0,effnet_ts,6,0.8,0.7058823529411765,0.9090909090909091,0.7142857142857143,0.8,0.6666666666666666,0.7142857142857143,0.7142857142857143,0.6666666666666666,0.6904761904761905,2,1,4,10,0.76
overlay,val,0,effnet_ts,6,0.9,0.5294117647058824,0.875,0.5,0.6363636363636364,0.6666666666666666,0.5,0.5,0.6666666666666666,0.5833333333333333,2,1,7,7,0.76
overlay,val,0,effnet_ts,6,0.76,0.7647058823529411,0.9166666666666666,0.7857142857142857,0.8461538461538461,0.6666666666666666,0.7857142857142857,0.7857142857142857,0.6666666666666666,0.7261904761904762,2,1,3,11,0.76
overlay,test,0,effnet_ts,6,0.5,0.8378378378378378,0.8378378378378378,1.0,0.9117647058823529,0.0,1.0,1.0,0.0,0.5,0,6,0,31,0.76
overlay,test,0,effnet_ts,6,0.6,0.8648648648648649,0.8611111111111112,1.0,0.9253731343283582,0.16666666666666666,1.0,1.0,0.16666666666666666,0.5833333333333334,1,5,0,31,0.76
overlay,test,0,effnet_ts,6,0.7,0.8378378378378378,0.8571428571428571,0.967741935483871,0.9090909090909091,0.16666666666666666,0.967741935483871,0.967741935483871,0.16666666666666666,0.5672043010752689,1,5,1,30,0.76
overlay,test,0,effnet_ts,6,0.8,0.7837837837837838,0.896551724137931,0.8387096774193549,0.8666666666666667,0.5,0.8387096774193549,0.8387096774193549,0.5,0.6693548387096775,3,3,5,26,0.76
overlay,test,0,effnet_ts,6,0.9,0.6756756756756757,0.88,0.7096774193548387,0.7857142857142857,0.5,0.7096774193548387,0.7096774193548387,0.5,0.6048387096774194,3,3,9,22,0.76
overlay,test,0,effnet_ts,6,0.76,0.7837837837837838,0.8484848484848485,0.9032258064516129,0.875,0.16666666666666666,0.9032258064516129,0.9032258064516129,0.16666666666666666,0.5349462365591398,1,5,3,28,0.76
overlay,train,0,effnet_ts,24,0.5,0.8193548387096774,0.8450704225352113,0.9523809523809523,0.8955223880597015,0.2413793103448276,0.9523809523809523,0.9523809523809523,0.2413793103448276,0.59688013136289,7,22,6,120,0.73
overlay,train,0,effnet_ts,24,0.6,0.8193548387096774,0.8450704225352113,0.9523809523809523,0.8955223880597015,0.2413793103448276,0.9523809523809523,0.9523809523809523,0.2413793103448276,0.59688013136289,7,22,6,120,0.73
overlay,train,0,effnet_ts,24,0.7,0.7677419354838709,0.8813559322033898,0.8253968253968254,0.8524590163934426,0.5172413793103449,0.8253968253968254,0.8253968253968254,0.5172413793103449,0.6713191023535852,15,14,22,104,0.73
overlay,train,0,effnet_ts,24,0.8,0.1870967741935484,0.0,0.0,0.0,1.0,0.0,0.0,1.0,0.5,29,0,126,0,0.73
overlay,train,0,effnet_ts,24,0.9,0.1870967741935484,0.0,0.0,0.0,1.0,0.0,0.0,1.0,0.5,29,0,126,0,0.73
overlay,train,0,effnet_ts,24,0.73,0.3548387096774194,0.9642857142857143,0.21428571428571427,0.35064935064935066,0.9655172413793104,0.21428571428571427,0.21428571428571427,0.9655172413793104,0.5899014778325123,28,1,99,27,0.73
overlay,val,0,effnet_ts,24,0.5,0.8333333333333334,0.8235294117647058,1.0,0.9032258064516129,0.25,1.0,1.0,0.25,0.625,1,3,0,14,0.73
overlay,val,0,effnet_ts,24,0.6,0.8333333333333334,0.8235294117647058,1.0,0.9032258064516129,0.25,1.0,1.0,0.25,0.625,1,3,0,14,0.73
overlay,val,0,effnet_ts,24,0.7,0.7777777777777778,0.8571428571428571,0.8571428571428571,0.8571428571428571,0.5,0.8571428571428571,0.8571428571428571,0.5,0.6785714285714286,2,2,2,12,0.73
overlay,val,0,effnet_ts,24,0.8,0.2222222222222222,0.0,0.0,0.0,1.0,0.0,0.0,1.0,0.5,4,0,14,0,0.73
overlay,val,0,effnet_ts,24,0.9,0.2222222222222222,0.0,0.0,0.0,1.0,0.0,0.0,1.0,0.5,4,0,14,0,0.73
overlay,val,0,effnet_ts,24,0.73,0.5555555555555556,1.0,0.42857142857142855,0.6,1.0,0.42857142857142855,0.42857142857142855,1.0,0.7142857142857143,4,0,8,6,0.73
overlay,test,0,effnet_ts,24,0.5,0.7727272727272727,0.8378378378378378,0.8857142857142857,0.8611111111111112,0.3333333333333333,0.8857142857142857,0.8857142857142857,0.3333333333333333,0.6095238095238095,3,6,4,31,0.73
overlay,test,0,effnet_ts,24,0.6,0.7727272727272727,0.8378378378378378,0.8857142857142857,0.8611111111111112,0.3333333333333333,0.8857142857142857,0.8857142857142857,0.3333333333333333,0.6095238095238095,3,6,4,31,0.73
overlay,test,0,effnet_ts,24,0.7,0.7045454545454546,0.9230769230769231,0.6857142857142857,0.7868852459016393,0.7777777777777778,0.6857142857142857,0.6857142857142857,0.7777777777777778,0.7317460317460318,7,2,11,24,0.73
overlay,test,0,effnet_ts,24,0.8,0.20454545454545456,0.0,0.0,0.0,1.0,0.0,0.0,1.0,0.5,9,0,35,0,0.73
overlay,test,0,effnet_ts,24,0.9,0.20454545454545456,0.0,0.0,0.0,1.0,0.0,0.0,1.0,0.5,9,0,35,0,0.73
overlay,test,0,effnet_ts,24,0.73,0.2727272727272727,0.8,0.11428571428571428,0.2,0.8888888888888888,0.11428571428571428,0.11428571428571428,0.8888888888888888,0.5015873015873016,8,1,31,4,0.73
overlay,train,0,effnet_ts,30,0.5,0.8417721518987342,0.8633093525179856,0.9523809523809523,0.9056603773584906,0.40625,0.9523809523809523,0.9523809523809523,0.40625,0.6793154761904762,13,19,6,120,0.72
overlay,train,0,effnet_ts,30,0.6,0.9050632911392406,0.944,0.9365079365079365,0.9402390438247012,0.78125,0.9365079365079365,0.9365079365079365,0.78125,0.8588789682539683,25,7,8,118,0.72
overlay,train,0,effnet_ts,30,0.7,0.6075949367088608,0.9705882352941176,0.5238095238095238,0.6804123711340206,0.9375,0.5238095238095238,0.5238095238095238,0.9375,0.7306547619047619,30,2,60,66,0.72
overlay,train,0,effnet_ts,30,0.8,0.23417721518987342,1.0,0.03968253968253968,0.07633587786259542,1.0,0.03968253968253968,0.03968253968253968,1.0,0.5198412698412699,32,0,121,5,0.72
overlay,train,0,effnet_ts,30,0.9,0.20253164556962025,0.0,0.0,0.0,1.0,0.0,0.0,1.0,0.5,32,0,126,0,0.72
overlay,train,0,effnet_ts,30,0.72,0.46835443037974683,1.0,0.3333333333333333,0.5,1.0,0.3333333333333333,0.3333333333333333,1.0,0.6666666666666666,32,0,84,42,0.72
overlay,val,0,effnet_ts,30,0.5,0.8888888888888888,0.875,1.0,0.9333333333333333,0.5,1.0,1.0,0.5,0.75,2,2,0,14,0.72
overlay,val,0,effnet_ts,30,0.6,0.8333333333333334,0.8666666666666667,0.9285714285714286,0.896551724137931,0.5,0.9285714285714286,0.9285714285714286,0.5,0.7142857142857143,2,2,1,13,0.72
overlay,val,0,effnet_ts,30,0.7,0.6111111111111112,0.8888888888888888,0.5714285714285714,0.6956521739130435,0.75,0.5714285714285714,0.5714285714285714,0.75,0.6607142857142857,3,1,6,8,0.72
overlay,val,0,effnet_ts,30,0.8,0.3333333333333333,1.0,0.14285714285714285,0.25,1.0,0.14285714285714285,0.14285714285714285,1.0,0.5714285714285714,4,0,12,2,0.72
overlay,val,0,effnet_ts,30,0.9,0.2222222222222222,0.0,0.0,0.0,1.0,0.0,0.0,1.0,0.5,4,0,14,0,0.72
overlay,val,0,effnet_ts,30,0.72,0.6111111111111112,1.0,0.5,0.6666666666666666,1.0,0.5,0.5,1.0,0.75,4,0,7,7,0.72
overlay,test,0,effnet_ts,30,0.5,0.7954545454545454,0.8611111111111112,0.8857142857142857,0.8732394366197183,0.4444444444444444,0.8857142857142857,0.8857142857142857,0.4444444444444444,0.665079365079365,4,5,4,31,0.72
overlay,test,0,effnet_ts,30,0.6,0.75,0.9,0.7714285714285715,0.8307692307692308,0.6666666666666666,0.7714285714285715,0.7714285714285715,0.6666666666666666,0.719047619047619,6,3,8,27,0.72
overlay,test,0,effnet_ts,30,0.7,0.4772727272727273,0.875,0.4,0.5490196078431373,0.7777777777777778,0.4,0.4,0.7777777777777778,0.5888888888888889,7,2,21,14,0.72
overlay,test,0,effnet_ts,30,0.8,0.20454545454545456,0.0,0.0,0.0,1.0,0.0,0.0,1.0,0.5,9,0,35,0,0.72
overlay,test,0,effnet_ts,30,0.9,0.20454545454545456,0.0,0.0,0.0,1.0,0.0,0.0,1.0,0.5,9,0,35,0,0.72
overlay,test,0,effnet_ts,30,0.72,0.3409090909090909,0.875,0.2,0.32558139534883723,0.8888888888888888,0.2,0.2,0.8888888888888888,0.5444444444444444,8,1,28,7,0.72
overlay,train,0,effnet_ts,15,0.5,0.8450704225352113,0.8450704225352113,1.0,0.916030534351145,0.0,1.0,1.0,0.0,0.5,0,22,0,120,0.5700000000000001
overlay,train,0,effnet_ts,15,0.6,0.15492957746478872,0.0,0.0,0.0,1.0,0.0,0.0,1.0,0.5,22,0,120,0,0.5700000000000001
overlay,train,0,effnet_ts,15,0.7,0.15492957746478872,0.0,0.0,0.0,1.0,0.0,0.0,1.0,0.5,22,0,120,0,0.5700000000000001
overlay,train,0,effnet_ts,15,0.8,0.15492957746478872,0.0,0.0,0.0,1.0,0.0,0.0,1.0,0.5,22,0,120,0,0.5700000000000001
overlay,train,0,effnet_ts,15,0.9,0.15492957746478872,0.0,0.0,0.0,1.0,0.0,0.0,1.0,0.5,22,0,120,0,0.5700000000000001
overlay,train,0,effnet_ts,15,0.5700000000000001,0.1619718309859155,1.0,0.008333333333333333,0.01652892561983471,1.0,0.008333333333333333,0.008333333333333333,1.0,0.5041666666666667,22,0,119,1,0.5700000000000001
overlay,val,0,effnet_ts,15,0.5,0.8235294117647058,0.8235294117647058,1.0,0.9032258064516129,0.0,1.0,1.0,0.0,0.5,0,3,0,14,0.5700000000000001
overlay,val,0,effnet_ts,15,0.6,0.17647058823529413,0.0,0.0,0.0,1.0,0.0,0.0,1.0,0.5,3,0,14,0,0.5700000000000001
overlay,val,0,effnet_ts,15,0.7,0.17647058823529413,0.0,0.0,0.0,1.0,0.0,0.0,1.0,0.5,3,0,14,0,0.5700000000000001
overlay,val,0,effnet_ts,15,0.8,0.17647058823529413,0.0,0.0,0.0,1.0,0.0,0.0,1.0,0.5,3,0,14,0,0.5700000000000001
overlay,val,0,effnet_ts,15,0.9,0.17647058823529413,0.0,0.0,0.0,1.0,0.0,0.0,1.0,0.5,3,0,14,0,0.5700000000000001
overlay,val,0,effnet_ts,15,0.5700000000000001,0.23529411764705882,1.0,0.07142857142857142,0.13333333333333333,1.0,0.07142857142857142,0.07142857142857142,1.0,0.5357142857142857,3,0,13,1,0.5700000000000001
overlay,test,0,effnet_ts,15,0.5,0.8378378378378378,0.8378378378378378,1.0,0.9117647058823529,0.0,1.0,1.0,0.0,0.5,0,6,0,31,0.5700000000000001
overlay,test,0,effnet_ts,15,0.6,0.16216216216216217,0.0,0.0,0.0,1.0,0.0,0.0,1.0,0.5,6,0,31,0,0.5700000000000001
overlay,test,0,effnet_ts,15,0.7,0.16216216216216217,0.0,0.0,0.0,1.0,0.0,0.0,1.0,0.5,6,0,31,0,0.5700000000000001
overlay,test,0,effnet_ts,15,0.8,0.16216216216216217,0.0,0.0,0.0,1.0,0.0,0.0,1.0,0.5,6,0,31,0,0.5700000000000001
overlay,test,0,effnet_ts,15,0.9,0.16216216216216217,0.0,0.0,0.0,1.0,0.0,0.0,1.0,0.5,6,0,31,0,0.5700000000000001
overlay,test,0,effnet_ts,15,0.5700000000000001,0.1891891891891892,1.0,0.03225806451612903,0.0625,1.0,0.03225806451612903,0.03225806451612903,1.0,0.5161290322580645,6,0,30,1,0.5700000000000001
overlay,train,0,effnet_ts,8,0.5,0.8802816901408451,0.905511811023622,0.9583333333333334,0.9311740890688259,0.45454545454545453,0.9583333333333334,0.9583333333333334,0.45454545454545453,0.7064393939393939,10,12,5,115,0.5700000000000001
overlay,train,0,effnet_ts,8,0.6,0.5070422535211268,0.9464285714285714,0.44166666666666665,0.6022727272727273,0.8636363636363636,0.44166666666666665,0.44166666666666665,0.8636363636363636,0.6526515151515151,19,3,67,53,0.5700000000000001
overlay,train,0,effnet_ts,8,0.7,0.15492957746478872,0.0,0.0,0.0,1.0,0.0,0.0,1.0,0.5,22,0,120,0,0.5700000000000001
overlay,train,0,effnet_ts,8,0.8,0.15492957746478872,0.0,0.0,0.0,1.0,0.0,0.0,1.0,0.5,22,0,120,0,0.5700000000000001
overlay,train,0,effnet_ts,8,0.9,0.15492957746478872,0.0,0.0,0.0,1.0,0.0,0.0,1.0,0.5,22,0,120,0,0.5700000000000001
overlay,train,0,effnet_ts,8,0.5700000000000001,0.5422535211267606,0.9508196721311475,0.48333333333333334,0.6408839779005525,0.8636363636363636,0.48333333333333334,0.48333333333333334,0.8636363636363636,0.6734848484848485,19,3,62,58,0.5700000000000001
overlay,val,0,effnet_ts,8,0.5,0.8823529411764706,0.875,1.0,0.9333333333333333,0.3333333333333333,1.0,1.0,0.3333333333333333,0.6666666666666666,1,2,0,14,0.5700000000000001
overlay,val,0,effnet_ts,8,0.6,0.5294117647058824,0.875,0.5,0.6363636363636364,0.6666666666666666,0.5,0.5,0.6666666666666666,0.5833333333333333,2,1,7,7,0.5700000000000001
overlay,val,0,effnet_ts,8,0.7,0.17647058823529413,0.0,0.0,0.0,1.0,0.0,0.0,1.0,0.5,3,0,14,0,0.5700000000000001
overlay,val,0,effnet_ts,8,0.8,0.17647058823529413,0.0,0.0,0.0,1.0,0.0,0.0,1.0,0.5,3,0,14,0,0.5700000000000001
overlay,val,0,effnet_ts,8,0.9,0.17647058823529413,0.0,0.0,0.0,1.0,0.0,0.0,1.0,0.5,3,0,14,0,0.5700000000000001
overlay,val,0,effnet_ts,8,0.5700000000000001,0.5882352941176471,0.8888888888888888,0.5714285714285714,0.6956521739130435,0.6666666666666666,0.5714285714285714,0.5714285714285714,0.6666666666666666,0.6190476190476191,2,1,6,8,0.5700000000000001
overlay,test,0,effnet_ts,8,0.5,0.7837837837837838,0.8709677419354839,0.8709677419354839,0.8709677419354839,0.3333333333333333,0.8709677419354839,0.8709677419354839,0.3333333333333333,0.6021505376344086,2,4,4,27,0.5700000000000001
overlay,test,0,effnet_ts,8,0.6,0.4864864864864865,0.9285714285714286,0.41935483870967744,0.5777777777777777,0.8333333333333334,0.41935483870967744,0.41935483870967744,0.8333333333333334,0.6263440860215054,5,1,18,13,0.5700000000000001
overlay,test,0,effnet_ts,8,0.7,0.16216216216216217,0.0,0.0,0.0,1.0,0.0,0.0,1.0,0.5,6,0,31,0,0.5700000000000001
overlay,test,0,effnet_ts,8,0.8,0.16216216216216217,0.0,0.0,0.0,1.0,0.0,0.0,1.0,0.5,6,0,31,0,0.5700000000000001
overlay,test,0,effnet_ts,8,0.9,0.16216216216216217,0.0,0.0,0.0,1.0,0.0,0.0,1.0,0.5,6,0,31,0,0.5700000000000001
overlay,test,0,effnet_ts,8,0.5700000000000001,0.5135135135135135,0.9333333333333333,0.45161290322580644,0.6086956521739131,0.8333333333333334,0.45161290322580644,0.45161290322580644,0.8333333333333334,0.6424731182795699,5,1,17,14,0.5700000000000001
overlay,train,0,effnet_ts,28,0.5,0.8481012658227848,0.875,0.9444444444444444,0.9083969465648855,0.46875,0.9444444444444444,0.9444444444444444,0.46875,0.7065972222222222,15,17,7,119,0.71
overlay,train,0,effnet_ts,28,0.6,0.8481012658227848,0.875,0.9444444444444444,0.9083969465648855,0.46875,0.9444444444444444,0.9444444444444444,0.46875,0.7065972222222222,15,17,7,119,0.71
overlay,train,0,effnet_ts,28,0.7,0.8291139240506329,0.8721804511278195,0.9206349206349206,0.8957528957528957,0.46875,0.9206349206349206,0.9206349206349206,0.46875,0.6946924603174602,15,17,10,116,0.71
overlay,train,0,effnet_ts,28,0.8,0.7784810126582279,0.8760330578512396,0.8412698412698413,0.8582995951417004,0.53125,0.8412698412698413,0.8412698412698413,0.53125,0.6862599206349207,17,15,20,106,0.71
overlay,train,0,effnet_ts,28,0.9,0.2088607594936709,1.0,0.007936507936507936,0.015748031496062992,1.0,0.007936507936507936,0.007936507936507936,1.0,0.503968253968254,32,0,125,1,0.71
overlay,train,0,effnet_ts,28,0.71,0.8227848101265823,0.8712121212121212,0.9126984126984127,0.8914728682170543,0.46875,0.9126984126984127,0.9126984126984127,0.46875,0.6907242063492063,15,17,11,115,0.71
overlay,val,0,effnet_ts,28,0.5,0.8888888888888888,0.875,1.0,0.9333333333333333,0.5,1.0,1.0,0.5,0.75,2,2,0,14,0.71
overlay,val,0,effnet_ts,28,0.6,0.8888888888888888,0.875,1.0,0.9333333333333333,0.5,1.0,1.0,0.5,0.75,2,2,0,14,0.71
overlay,val,0,effnet_ts,28,0.7,0.8888888888888888,0.875,1.0,0.9333333333333333,0.5,1.0,1.0,0.5,0.75,2,2,0,14,0.71
overlay,val,0,effnet_ts,28,0.8,0.8333333333333334,0.9230769230769231,0.8571428571428571,0.8888888888888888,0.75,0.8571428571428571,0.8571428571428571,0.75,0.8035714285714286,3,1,2,12,0.71
overlay,val,0,effnet_ts,28,0.9,0.2222222222222222,0.0,0.0,0.0,1.0,0.0,0.0,1.0,0.5,4,0,14,0,0.71
overlay,val,0,effnet_ts,28,0.71,0.9444444444444444,0.9333333333333333,1.0,0.9655172413793104,0.75,1.0,1.0,0.75,0.875,3,1,0,14,0.71
overlay,test,0,effnet_ts,28,0.5,0.7727272727272727,0.8378378378378378,0.8857142857142857,0.8611111111111112,0.3333333333333333,0.8857142857142857,0.8857142857142857,0.3333333333333333,0.6095238095238095,3,6,4,31,0.71
overlay,test,0,effnet_ts,28,0.6,0.75,0.8333333333333334,0.8571428571428571,0.8450704225352113,0.3333333333333333,0.8571428571428571,0.8571428571428571,0.3333333333333333,0.5952380952380952,3,6,5,30,0.71
overlay,test,0,effnet_ts,28,0.7,0.7272727272727273,0.8285714285714286,0.8285714285714286,0.8285714285714286,0.3333333333333333,0.8285714285714286,0.8285714285714286,0.3333333333333333,0.580952380952381,3,6,6,29,0.71
overlay,test,0,effnet_ts,28,0.8,0.6818181818181818,0.8387096774193549,0.7428571428571429,0.7878787878787878,0.4444444444444444,0.7428571428571429,0.7428571428571429,0.4444444444444444,0.5936507936507937,4,5,9,26,0.71
overlay,test,0,effnet_ts,28,0.9,0.20454545454545456,0.0,0.0,0.0,1.0,0.0,0.0,1.0,0.5,9,0,35,0,0.71
overlay,test,0,effnet_ts,28,0.71,0.7272727272727273,0.8285714285714286,0.8285714285714286,0.8285714285714286,0.3333333333333333,0.8285714285714286,0.8285714285714286,0.3333333333333333,0.580952380952381,3,6,6,29,0.71
overlay,train,0,effnet_ts,10,0.5,0.8380281690140845,0.8439716312056738,0.9916666666666667,0.9118773946360154,0.0,0.9916666666666667,0.9916666666666667,0.0,0.49583333333333335,0,22,1,119,0.72
overlay,train,0,effnet_ts,10,0.6,0.8028169014084507,0.896551724137931,0.8666666666666667,0.8813559322033898,0.45454545454545453,0.8666666666666667,0.8666666666666667,0.45454545454545453,0.6606060606060606,10,12,16,104,0.72
overlay,train,0,effnet_ts,10,0.7,0.7394366197183099,0.9368421052631579,0.7416666666666667,0.827906976744186,0.7272727272727273,0.7416666666666667,0.7416666666666667,0.7272727272727273,0.734469696969697,16,6,31,89,0.72
overlay,train,0,effnet_ts,10,0.8,0.676056338028169,0.9512195121951219,0.65,0.7722772277227723,0.8181818181818182,0.65,0.65,0.8181818181818182,0.7340909090909091,18,4,42,78,0.72
overlay,train,0,effnet_ts,10,0.9,0.5563380281690141,0.9523809523809523,0.5,0.6557377049180327,0.8636363636363636,0.5,0.5,0.8636363636363636,0.6818181818181819,19,3,60,60,0.72
overlay,train,0,effnet_ts,10,0.72,0.7253521126760564,0.9354838709677419,0.725,0.8169014084507042,0.7272727272727273,0.725,0.725,0.7272727272727273,0.7261363636363636,16,6,33,87,0.72
overlay,val,0,effnet_ts,10,0.5,0.8823529411764706,0.875,1.0,0.9333333333333333,0.3333333333333333,1.0,1.0,0.3333333333333333,0.6666666666666666,1,2,0,14,0.72
overlay,val,0,effnet_ts,10,0.6,0.8823529411764706,0.875,1.0,0.9333333333333333,0.3333333333333333,1.0,1.0,0.3333333333333333,0.6666666666666666,1,2,0,14,0.72
overlay,val,0,effnet_ts,10,0.7,0.7647058823529411,0.8571428571428571,0.8571428571428571,0.8571428571428571,0.3333333333333333,0.8571428571428571,0.8571428571428571,0.3333333333333333,0.5952380952380952,1,2,2,12,0.72
overlay,val,0,effnet_ts,10,0.8,0.5882352941176471,0.8888888888888888,0.5714285714285714,0.6956521739130435,0.6666666666666666,0.5714285714285714,0.5714285714285714,0.6666666666666666,0.6190476190476191,2,1,6,8,0.72
overlay,val,0,effnet_ts,10,0.9,0.5294117647058824,0.875,0.5,0.6363636363636364,0.6666666666666666,0.5,0.5,0.6666666666666666,0.5833333333333333,2,1,7,7,0.72
overlay,val,0,effnet_ts,10,0.72,0.7647058823529411,0.9166666666666666,0.7857142857142857,0.8461538461538461,0.6666666666666666,0.7857142857142857,0.7857142857142857,0.6666666666666666,0.7261904761904762,2,1,3,11,0.72
overlay,test,0,effnet_ts,10,0.5,0.8378378378378378,0.8378378378378378,1.0,0.9117647058823529,0.0,1.0,1.0,0.0,0.5,0,6,0,31,0.72
overlay,test,0,effnet_ts,10,0.6,0.7567567567567568,0.84375,0.8709677419354839,0.8571428571428571,0.16666666666666666,0.8709677419354839,0.8709677419354839,0.16666666666666666,0.5188172043010753,1,5,4,27,0.72
overlay,test,0,effnet_ts,10,0.7,0.6216216216216216,0.8695652173913043,0.6451612903225806,0.7407407407407407,0.5,0.6451612903225806,0.6451612903225806,0.5,0.5725806451612903,3,3,11,20,0.72
overlay,test,0,effnet_ts,10,0.8,0.5675675675675675,0.8947368421052632,0.5483870967741935,0.68,0.6666666666666666,0.5483870967741935,0.5483870967741935,0.6666666666666666,0.60752688172043,4,2,14,17,0.72
overlay,test,0,effnet_ts,10,0.9,0.5135135135135135,0.9333333333333333,0.45161290322580644,0.6086956521739131,0.8333333333333334,0.45161290322580644,0.45161290322580644,0.8333333333333334,0.6424731182795699,5,1,17,14,0.72
overlay,test,0,effnet_ts,10,0.72,0.6216216216216216,0.9047619047619048,0.6129032258064516,0.7307692307692307,0.6666666666666666,0.6129032258064516,0.6129032258064516,0.6666666666666666,0.6397849462365591,4,2,12,19,0.72
overlay,train,0,effnet_ts,20.5,0.5,0.8456375838926175,0.8581560283687943,0.9758064516129032,0.9132075471698113,0.2,0.9758064516129032,0.9758064516129032,0.2,0.5879032258064516,5,20,3,121,0.78
overlay,train,0,effnet_ts,20.5,0.6,0.8322147651006712,0.896,0.9032258064516129,0.8995983935742972,0.48,0.9032258064516129,0.9032258064516129,0.48,0.6916129032258065,12,13,12,112,0.78
overlay,train,0,effnet_ts,20.5,0.7,0.6510067114093959,0.9736842105263158,0.5967741935483871,0.74,0.92,0.5967741935483871,0.5967741935483871,0.92,0.7583870967741936,23,2,50,74,0.78
overlay,train,0,effnet_ts,20.5,0.8,0.3221476510067114,1.0,0.18548387096774194,0.3129251700680272,1.0,0.18548387096774194,0.18548387096774194,1.0,0.592741935483871,25,0,101,23,0.78
overlay,train,0,effnet_ts,20.5,0.9,0.16778523489932887,0.0,0.0,0.0,1.0,0.0,0.0,1.0,0.5,25,0,124,0,0.78
overlay,train,0,effnet_ts,20.5,0.78,0.38926174496644295,1.0,0.2661290322580645,0.42038216560509556,1.0,0.2661290322580645,0.2661290322580645,1.0,0.6330645161290323,25,0,91,33,0.78
overlay,val,0,effnet_ts,20.5,0.5,0.8823529411764706,0.875,1.0,0.9333333333333333,0.3333333333333333,1.0,1.0,0.3333333333333333,0.6666666666666666,1,2,0,14,0.78
overlay,val,0,effnet_ts,20.5,0.6,0.7647058823529411,0.8571428571428571,0.8571428571428571,0.8571428571428571,0.3333333333333333,0.8571428571428571,0.8571428571428571,0.3333333333333333,0.5952380952380952,1,2,2,12,0.78
overlay,val,0,effnet_ts,20.5,0.7,0.6470588235294118,0.9,0.6428571428571429,0.75,0.6666666666666666,0.6428571428571429,0.6428571428571429,0.6666666666666666,0.6547619047619048,2,1,5,9,0.78
overlay,val,0,effnet_ts,20.5,0.8,0.4117647058823529,1.0,0.2857142857142857,0.4444444444444444,1.0,0.2857142857142857,0.2857142857142857,1.0,0.6428571428571428,3,0,10,4,0.78
overlay,val,0,effnet_ts,20.5,0.9,0.17647058823529413,0.0,0.0,0.0,1.0,0.0,0.0,1.0,0.5,3,0,14,0,0.78
overlay,val,0,effnet_ts,20.5,0.78,0.4117647058823529,1.0,0.2857142857142857,0.4444444444444444,1.0,0.2857142857142857,0.2857142857142857,1.0,0.6428571428571428,3,0,10,4,0.78
overlay,test,0,effnet_ts,20.5,0.5,0.8205128205128205,0.8421052631578947,0.9696969696969697,0.9014084507042254,0.0,0.9696969696969697,0.9696969696969697,0.0,0.48484848484848486,0,6,1,32,0.78
overlay,test,0,effnet_ts,20.5,0.6,0.7948717948717948,0.8571428571428571,0.9090909090909091,0.8823529411764706,0.16666666666666666,0.9090909090909091,0.9090909090909091,0.16666666666666666,0.5378787878787878,1,5,3,30,0.78
overlay,test,0,effnet_ts,20.5,0.7,0.5384615384615384,0.8947368421052632,0.5151515151515151,0.6538461538461539,0.6666666666666666,0.5151515151515151,0.5151515151515151,0.6666666666666666,0.5909090909090908,4,2,16,17,0.78
overlay,test,0,effnet_ts,20.5,0.8,0.15384615384615385,0.5,0.030303030303030304,0.05714285714285714,0.8333333333333334,0.030303030303030304,0.030303030303030304,0.8333333333333334,0.4318181818181818,5,1,32,1,0.78
overlay,test,0,effnet_ts,20.5,0.9,0.15384615384615385,0.0,0.0,0.0,1.0,0.0,0.0,1.0,0.5,6,0,33,0,0.78
overlay,test,0,effnet_ts,20.5,0.78,0.3076923076923077,0.875,0.21212121212121213,0.34146341463414637,0.8333333333333334,0.21212121212121213,0.21212121212121213,0.8333333333333334,0.5227272727272727,5,1,26,7,0.78
overlay,train,0,effnet_ts,17,0.5,0.8028169014084507,0.8770491803278688,0.8916666666666667,0.8842975206611571,0.3181818181818182,0.8916666666666667,0.8916666666666667,0.3181818181818182,0.6049242424242425,7,15,13,107,0.86
overlay,train,0,effnet_ts,17,0.6,0.6056338028169014,0.9444444444444444,0.5666666666666667,0.7083333333333334,0.8181818181818182,0.5666666666666667,0.5666666666666667,0.8181818181818182,0.6924242424242424,18,4,52,68,0.86
overlay,train,0,effnet_ts,17,0.7,0.528169014084507,0.9649122807017544,0.4583333333333333,0.6214689265536724,0.9090909090909091,0.4583333333333333,0.4583333333333333,0.9090909090909091,0.6837121212121212,20,2,65,55,0.86
overlay,train,0,effnet_ts,17,0.8,0.5,1.0,0.4083333333333333,0.5798816568047337,1.0,0.4083333333333333,0.4083333333333333,1.0,0.7041666666666666,22,0,71,49,0.86
overlay,train,0,effnet_ts,17,0.9,0.323943661971831,1.0,0.2,0.3333333333333333,1.0,0.2,0.2,1.0,0.6,22,0,96,24,0.86
overlay,train,0,effnet_ts,17,0.86,0.4225352112676056,1.0,0.31666666666666665,0.4810126582278481,1.0,0.31666666666666665,0.31666666666666665,1.0,0.6583333333333333,22,0,82,38,0.86
overlay,val,0,effnet_ts,17,0.5,0.8823529411764706,0.875,1.0,0.9333333333333333,0.3333333333333333,1.0,1.0,0.3333333333333333,0.6666666666666666,1,2,0,14,0.86
overlay,val,0,effnet_ts,17,0.6,0.6470588235294118,0.9,0.6428571428571429,0.75,0.6666666666666666,0.6428571428571429,0.6428571428571429,0.6666666666666666,0.6547619047619048,2,1,5,9,0.86
overlay,val,0,effnet_ts,17,0.7,0.5294117647058824,0.875,0.5,0.6363636363636364,0.6666666666666666,0.5,0.5,0.6666666666666666,0.5833333333333333,2,1,7,7,0.86
overlay,val,0,effnet_ts,17,0.8,0.5294117647058824,0.875,0.5,0.6363636363636364,0.6666666666666666,0.5,0.5,0.6666666666666666,0.5833333333333333,2,1,7,7,0.86
overlay,val,0,effnet_ts,17,0.9,0.4117647058823529,1.0,0.2857142857142857,0.4444444444444444,1.0,0.2857142857142857,0.2857142857142857,1.0,0.6428571428571428,3,0,10,4,0.86
overlay,val,0,effnet_ts,17,0.86,0.5294117647058824,1.0,0.42857142857142855,0.6,1.0,0.42857142857142855,0.42857142857142855,1.0,0.7142857142857143,3,0,8,6,0.86
overlay,test,0,effnet_ts,17,0.5,0.7567567567567568,0.8235294117647058,0.9032258064516129,0.8615384615384616,0.0,0.9032258064516129,0.9032258064516129,0.0,0.45161290322580644,0,6,3,28,0.86
overlay,test,0,effnet_ts,17,0.6,0.4864864864864865,0.875,0.45161290322580644,0.5957446808510638,0.6666666666666666,0.45161290322580644,0.45161290322580644,0.6666666666666666,0.5591397849462365,4,2,17,14,0.86
overlay,test,0,effnet_ts,17,0.7,0.4594594594594595,0.9230769230769231,0.3870967741935484,0.5454545454545454,0.8333333333333334,0.3870967741935484,0.3870967741935484,0.8333333333333334,0.6102150537634409,5,1,19,12,0.86
overlay,test,0,effnet_ts,17,0.8,0.43243243243243246,0.9166666666666666,0.3548387096774194,0.5116279069767442,0.8333333333333334,0.3548387096774194,0.3548387096774194,0.8333333333333334,0.5940860215053764,5,1,20,11,0.86
overlay,test,0,effnet_ts,17,0.9,0.2702702702702703,1.0,0.12903225806451613,0.22857142857142856,1.0,0.12903225806451613,0.12903225806451613,1.0,0.564516129032258,6,0,27,4,0.86
overlay,test,0,effnet_ts,17,0.86,0.40540540540540543,0.9090909090909091,0.3225806451612903,0.47619047619047616,0.8333333333333334,0.3225806451612903,0.3225806451612903,0.8333333333333334,0.5779569892473119,5,1,21,10,0.86
overlay,train,0,effnet_ts,13,0.5,0.8450704225352113,0.85,0.9916666666666667,0.9153846153846154,0.045454545454545456,0.9916666666666667,0.9916666666666667,0.045454545454545456,0.518560606060606,1,21,1,119,0.54
overlay,train,0,effnet_ts,13,0.6,0.15492957746478872,0.0,0.0,0.0,1.0,0.0,0.0,1.0,0.5,22,0,120,0,0.54
overlay,train,0,effnet_ts,13,0.7,0.15492957746478872,0.0,0.0,0.0,1.0,0.0,0.0,1.0,0.5,22,0,120,0,0.54
overlay,train,0,effnet_ts,13,0.8,0.15492957746478872,0.0,0.0,0.0,1.0,0.0,0.0,1.0,0.5,22,0,120,0,0.54
overlay,train,0,effnet_ts,13,0.9,0.15492957746478872,0.0,0.0,0.0,1.0,0.0,0.0,1.0,0.5,22,0,120,0,0.54
overlay,train,0,effnet_ts,13,0.54,0.38028169014084506,0.9705882352941176,0.275,0.42857142857142855,0.9545454545454546,0.275,0.275,0.9545454545454546,0.6147727272727272,21,1,87,33,0.54
overlay,val,0,effnet_ts,13,0.5,0.8823529411764706,0.875,1.0,0.9333333333333333,0.3333333333333333,1.0,1.0,0.3333333333333333,0.6666666666666666,1,2,0,14,0.54
overlay,val,0,effnet_ts,13,0.6,0.17647058823529413,0.0,0.0,0.0,1.0,0.0,0.0,1.0,0.5,3,0,14,0,0.54
overlay,val,0,effnet_ts,13,0.7,0.17647058823529413,0.0,0.0,0.0,1.0,0.0,0.0,1.0,0.5,3,0,14,0,0.54
overlay,val,0,effnet_ts,13,0.8,0.17647058823529413,0.0,0.0,0.0,1.0,0.0,0.0,1.0,0.5,3,0,14,0,0.54
overlay,val,0,effnet_ts,13,0.9,0.17647058823529413,0.0,0.0,0.0,1.0,0.0,0.0,1.0,0.5,3,0,14,0,0.54
overlay,val,0,effnet_ts,13,0.54,0.5294117647058824,1.0,0.42857142857142855,0.6,1.0,0.42857142857142855,0.42857142857142855,1.0,0.7142857142857143,3,0,8,6,0.54
overlay,test,0,effnet_ts,13,0.5,0.8108108108108109,0.8333333333333334,0.967741935483871,0.8955223880597015,0.0,0.967741935483871,0.967741935483871,0.0,0.4838709677419355,0,6,1,30,0.54
overlay,test,0,effnet_ts,13,0.6,0.16216216216216217,0.0,0.0,0.0,1.0,0.0,0.0,1.0,0.5,6,0,31,0,0.54
overlay,test,0,effnet_ts,13,0.7,0.16216216216216217,0.0,0.0,0.0,1.0,0.0,0.0,1.0,0.5,6,0,31,0,0.54
overlay,test,0,effnet_ts,13,0.8,0.16216216216216217,0.0,0.0,0.0,1.0,0.0,0.0,1.0,0.5,6,0,31,0,0.54
overlay,test,0,effnet_ts,13,0.9,0.16216216216216217,0.0,0.0,0.0,1.0,0.0,0.0,1.0,0.5,6,0,31,0,0.54
overlay,test,0,effnet_ts,13,0.54,0.32432432432432434,0.875,0.22580645161290322,0.358974358974359,0.8333333333333334,0.22580645161290322,0.22580645161290322,0.8333333333333334,0.5295698924731183,5,1,24,7,0.54
overlay,train,0,effnet_ts,26,0.5,0.8193548387096774,0.8450704225352113,0.9523809523809523,0.8955223880597015,0.2413793103448276,0.9523809523809523,0.9523809523809523,0.2413793103448276,0.59688013136289,7,22,6,120,0.73
overlay,train,0,effnet_ts,26,0.6,0.8193548387096774,0.8450704225352113,0.9523809523809523,0.8955223880597015,0.2413793103448276,0.9523809523809523,0.9523809523809523,0.2413793103448276,0.59688013136289,7,22,6,120,0.73
overlay,train,0,effnet_ts,26,0.7,0.7677419354838709,0.8813559322033898,0.8253968253968254,0.8524590163934426,0.5172413793103449,0.8253968253968254,0.8253968253968254,0.5172413793103449,0.6713191023535852,15,14,22,104,0.73
overlay,train,0,effnet_ts,26,0.8,0.1870967741935484,0.0,0.0,0.0,1.0,0.0,0.0,1.0,0.5,29,0,126,0,0.73
overlay,train,0,effnet_ts,26,0.9,0.1870967741935484,0.0,0.0,0.0,1.0,0.0,0.0,1.0,0.5,29,0,126,0,0.73
overlay,train,0,effnet_ts,26,0.73,0.3548387096774194,0.9642857142857143,0.21428571428571427,0.35064935064935066,0.9655172413793104,0.21428571428571427,0.21428571428571427,0.9655172413793104,0.5899014778325123,28,1,99,27,0.73
overlay,val,0,effnet_ts,26,0.5,0.8333333333333334,0.8235294117647058,1.0,0.9032258064516129,0.25,1.0,1.0,0.25,0.625,1,3,0,14,0.73
overlay,val,0,effnet_ts,26,0.6,0.8333333333333334,0.8235294117647058,1.0,0.9032258064516129,0.25,1.0,1.0,0.25,0.625,1,3,0,14,0.73
overlay,val,0,effnet_ts,26,0.7,0.7777777777777778,0.8571428571428571,0.8571428571428571,0.8571428571428571,0.5,0.8571428571428571,0.8571428571428571,0.5,0.6785714285714286,2,2,2,12,0.73
overlay,val,0,effnet_ts,26,0.8,0.2222222222222222,0.0,0.0,0.0,1.0,0.0,0.0,1.0,0.5,4,0,14,0,0.73
overlay,val,0,effnet_ts,26,0.9,0.2222222222222222,0.0,0.0,0.0,1.0,0.0,0.0,1.0,0.5,4,0,14,0,0.73
overlay,val,0,effnet_ts,26,0.73,0.5555555555555556,1.0,0.42857142857142855,0.6,1.0,0.42857142857142855,0.42857142857142855,1.0,0.7142857142857143,4,0,8,6,0.73
overlay,test,0,effnet_ts,26,0.5,0.7727272727272727,0.8378378378378378,0.8857142857142857,0.8611111111111112,0.3333333333333333,0.8857142857142857,0.8857142857142857,0.3333333333333333,0.6095238095238095,3,6,4,31,0.73
overlay,test,0,effnet_ts,26,0.6,0.7727272727272727,0.8378378378378378,0.8857142857142857,0.8611111111111112,0.3333333333333333,0.8857142857142857,0.8857142857142857,0.3333333333333333,0.6095238095238095,3,6,4,31,0.73
overlay,test,0,effnet_ts,26,0.7,0.7045454545454546,0.9230769230769231,0.6857142857142857,0.7868852459016393,0.7777777777777778,0.6857142857142857,0.6857142857142857,0.7777777777777778,0.7317460317460318,7,2,11,24,0.73
overlay,test,0,effnet_ts,26,0.8,0.20454545454545456,0.0,0.0,0.0,1.0,0.0,0.0,1.0,0.5,9,0,35,0,0.73
overlay,test,0,effnet_ts,26,0.9,0.20454545454545456,0.0,0.0,0.0,1.0,0.0,0.0,1.0,0.5,9,0,35,0,0.73
overlay,test,0,effnet_ts,26,0.73,0.2727272727272727,0.8,0.11428571428571428,0.2,0.8888888888888888,0.11428571428571428,0.11428571428571428,0.8888888888888888,0.5015873015873016,8,1,31,4,0.73
