well,initial_area,final_area,days_elapsed,growth_rate_um2_per_day,has_split_at_end,n_timepoints
ba1961_A1,227442.70628353325,2307264.93617483,27,77030.45295893692,False,11
ba1961_A10,231246.777591065,2605572.511666805,27,87937.99015095334,False,11
ba1961_A11,221152.40265715035,2048282.643101036,27,67671.49038681059,False,11
ba1961_A12,232034.7637904823,2761978.115106244,27,93701.60560428748,False,11
ba1961_A2,239045.12377150514,1224125.9570162436,27,36484.475305360684,False,11
ba1961_A3,234629.68386097718,1206604.7915824004,27,35999.07806375642,False,11
ba1961_A4,236504.54757683212,1753323.5570030843,27,56178.48183060194,False,11
ba1961_A5,225676.53031932208,1285411.100111508,27,39249.4285108217,False,11
ba1961_A6,226179.21117067448,1955829.293495124,27,64061.11416016479,False,11
ba1961_A7,232768.40611407772,1724257.890344498,27,55240.35126779335,False,11
ba1961_A8,231042.98805673295,1377319.3467928118,27,42454.679953188104,False,11
ba1961_A9,230295.75976418206,1641032.3545337433,27,52249.50350998375,False,11
ba1961_B1,235906.76494279143,890912.3263877345,27,24259.465238701596,False,11
ba1961_B10,229494.18759580932,1123963.2946194406,27,33128.485445319675,False,11
ba1961_B11,226328.65682918465,1501563.8776803522,27,47230.9341055988,False,11
ba1961_B12,227632.90984890983,627296.6584547687,27,14802.361059476256,False,11
ba1961_B2,238719.06051657384,1096824.956158577,27,31781.69983859271,False,11
ba1961_B3,228611.09961370373,2145466.7073740857,27,70994.6521392734,False,11
ba1961_B4,219603.6021962267,1183223.7697090167,27,35689.635833807035,False,11
ba1961_B5,235512.77184308277,1462296.9991469507,27,45436.45286310622,False,11
ba1961_B6,222660.44521120758,1088259.053057587,27,32059.207698014052,False,11
ba1961_B7,228909.99093072407,1082749.6199267232,27,31623.68996281478,False,11
ba1961_B8,227795.94147637548,1181510.5890888185,27,35322.764726386784,False,11
ba1961_B9,235336.15424666167,1097739.9503534555,27,31940.881337288658,False,11
ba1961_C1,231735.87247346196,821762.1268088338,27,21852.824234643398,False,11
ba1961_C10,223625.049007046,1243963.8098796727,27,37790.32447676395,False,11
ba1961_C11,236490.96160787667,1113937.2943989637,27,32498.012325595813,False,11
ba1961_C12,227768.76953846455,1469636.4206675715,27,45995.09818996693,False,11
ba1961_C2,235621.45959472653,1180342.511393229,27,34989.66858512972,False,11
ba1961_C3,236436.6177320548,1130543.4656379283,27,33115.06844095828,False,11
ba1961_C4,219861.73560638065,1034644.2868300272,27,30177.131526801728,False,11
ba1961_C5,218516.72467978907,1283892.5991072417,27,39458.365719535286,False,11
ba1961_C6,213992.59701761734,1295125.6129464945,27,40041.96355292137,False,11
ba1961_C7,219970.42335802442,1625243.8376816914,27,52047.163493469154,False,11
ba1961_C8,221559.9817258145,1244781.4642665854,27,37897.091945954475,False,11
ba1961_C9,228543.16976892637,261461.97254803163,5,6583.760555821052,False,3
ba1961_D1,225893.9058226096,2340087.919420896,27,78303.48198512172,False,11
ba1961_D10,227768.76953846455,1074397.8644032578,27,31356.633143140494,False,11
ba1961_D11,229684.3911611859,1405839.9105267895,27,43561.315532059394,False,11
ba1961_D12,224576.06683392896,1576534.9977756075,27,50072.55299783995,False,11
ba1961_D2,222307.21001836535,1155462.456477172,27,34561.30542440024,False,11
ba1961_D3,221994.73273238953,1339785.1168412012,27,41399.64385588191,False,11
ba1961_D4,222157.76435985518,1014572.8184274804,27,29348.70570620834,False,11
ba1961_D5,222986.50846613888,1053119.3823819351,27,30745.661996881343,False,11
ba1961_D6,215718.0150749621,1153690.8719721944,27,34739.73544063824,False,11
ba1961_D7,221668.66947745823,1054345.863962304,27,30839.89609203133,False,11
ba1961_D8,225893.9058226096,1776393.0914909777,27,57425.895765495115,False,11
ba1961_D9,231287.5354979314,1160193.1711443095,27,34403.91243134734,False,11
ba1961_E1,244656.12895011448,1544977.432033097,27,48160.04826233269,False,11
ba1961_E10,225622.1864435002,943689.9702667885,27,26595.10310456623,False,11
ba1961_E11,222837.0628076287,1067778.757461584,27,31294.136839035382,False,11
ba1961_E12,219902.49351324706,1585607.0678780195,27,50581.650902398986,False,11
ba1961_E2,231667.9426286846,1106948.2961870197,27,32417.790872530928,False,11
ba1961_E3,227958.97310384113,1367955.2572665021,27,42222.084598617075,False,11
ba1961_E4,231504.91100121895,1392134.4655652056,27,42986.27979866617,False,11
ba1961_E5,219291.1249102509,1017415.1408200816,27,29560.148737401138,False,11
ba1961_E6,222089.83451507782,1197630.0612879542,27,36131.11951010654,False,11
ba1961_E7,227755.18356950907,1317435.8969322545,27,40358.544939360945,False,11
ba1961_E8,225323.29512647985,298456.56601377804,3,24377.75696243273,False,2
ba1961_E9,235186.7085881515,1870209.198408411,27,60556.388511861456,False,11
ba1961_F1,254967.87938731667,1471232.7935182105,27,45046.848671514585,False,11
ba1961_F10,226478.10248769482,1147032.8291073341,27,34094.61950443109,False,11
ba1961_F11,230947.88627404466,1302854.3936989785,27,39700.24101573829,False,11
ba1961_F12,219671.53204100407,1620337.9113602152,27,51876.532567378184,False,11
ba1961_F2,235947.52284965783,1173158.8335653534,27,34711.530026507244,False,11
ba1961_F3,230146.3141056719,1356391.2880801659,27,41712.77681387015,False,11
ba1961_F4,219644.36010309312,1057227.1222780917,27,31021.58378425921,False,11
ba1961_F5,231545.66890808535,1270557.045415928,27,38481.9028336238,False,11
ba1961_F6,219807.39173055877,1841026.7239802654,27,60045.160453692835,False,11
ba1961_F7,222809.89086971778,1117616.7391400707,27,33140.99438038344,False,11
ba1961_F8,220622.54986788702,1266566.1132893302,27,38738.650497090486,False,11
ba1961_F9,232809.16402094412,923949.4572113253,27,25597.788636680783,False,11
ba1961_G1,227564.9800041325,567997.2474420065,27,12608.602497699037,False,11
ba1961_G10,218965.0616553196,1052145.9843022772,27,30858.55269062806,False,11
ba1961_G11,217660.8086355944,1253172.155713237,27,38352.27211398676,False,11
ba1961_G12,213204.61081820008,1354736.5113447472,27,42278.959278761,False,11
ba1961_G2,230553.893174336,1195702.7330902314,27,35746.253330218344,False,11
ba1961_G3,227768.76953846455,1205806.605157081,27,36223.62354143024,False,11
ba1961_G4,216112.00817467077,1064177.1845668494,25,33922.60705568714,False,10
ba1961_G5,217891.77010783742,1646833.8070885045,27,52923.77914743212,False,11
ba1961_G6,219304.71087920637,1455210.6611270409,27,45774.2944536235,False,11
ba1961_G7,222606.10133538573,1479798.6966192005,27,46562.68871421536,False,11
ba1961_G8,226709.06395993783,1169829.8121329232,27,34930.39808048094,False,11
ba1961_G9,232021.17782152683,1061685.2854829251,27,30728.300283755496,False,11
ba1961_H1,240091.24338107638,2513333.309638418,27,84194.15060212376,False,11
ba1961_H10,220079.11110966819,1259070.948075964,27,38481.17914689985,False,11
ba1961_H11,255959.65512106603,1426164.4624300476,27,43340.91878922154,False,11
ba1961_H12,226179.21117067448,1956549.608074071,27,64087.79247790357,False,11
ba1961_H2,231939.66200779402,1020335.3350590554,27,29199.83974263931,False,11
ba1961_H3,220663.30777475343,1321932.9960602743,27,40787.76623279707,False,11
ba1961_H4,227782.35550742,1895790.0999418218,27,61778.06460868155,False,11
ba1961_H5,214522.4498068807,1754803.1220841643,27,57047.43230656606,False,11
ba1961_H6,225635.77241245567,1509448.4021255816,27,47548.615915300965,False,11
ba1961_H7,224535.30892706255,1467027.7138140881,27,46018.23721803799,False,11
ba1961_H8,254071.2054362556,1677748.930098441,27,52728.80461711798,False,11
ba1961_H9,288892.04386912676,2991077.087134539,27,100080.92752834862,False,11
ba2961_A1,0.0,0.0,27,0.0,False,10
ba2961_A10,253120.18760937266,2979006.9509467804,27,100958.76901249659,False,11
ba2961_A11,247862.41762360555,2678012.7967549497,27,90005.56959745719,False,11
ba2961_A12,293185.2100590555,6224460.953164158,27,219676.87937426308,False,11
ba2961_A2,264709.0191283891,3034140.218178607,27,102571.52589074882,False,11
ba2961_A3,263758.0013015061,2386791.5592828845,27,78630.87251782883,False,11
ba2961_A4,251897.45040338032,2684378.8201959124,27,90091.9025849086,False,11
ba2961_A5,261027.22154145656,7556105.263454442,27,270188.0756264069,False,11
ba2961_A6,249682.9374636386,1874278.002381381,27,60170.18758954602,False,11
ba2961_A7,256652.53953779503,969640.7630704694,27,26406.9712419509,False,11
ba2961_A8,254519.54241178615,1441933.5113205062,27,43978.29514476741,False,11
ba2961_A9,262100.51308893872,2374507.275517601,25,84496.27049714648,False,10
ba2961_B1,266570.29687528854,2857741.0181829934,27,95969.28597435943,False,11
ba2961_B10,291269.5884363341,1379616.5662608044,27,40309.14732683223,False,11
ba2961_B11,240281.44694645295,2277381.6151293307,27,75448.15437714363,False,11
ba2961_B12,341007.82078231196,0.0,18,-18944.878932350664,False,6
ba2961_B2,263323.2502949311,1430719.9654428468,27,43236.91537584873,False,11
ba2961_B3,251394.7695520279,642189.6490735353,27,14473.884426722498,False,11
ba2961_B4,255266.77070433702,4362792.9298356315,27,152130.59848634424,False,11
ba2961_B5,251354.0116451615,1503413.3340317025,27,46372.56749579781,False,11
ba2961_B6,257426.93976825685,1588566.1980401797,27,49301.45401007122,False,11
ba2961_B7,292315.70804590534,2022487.5939901003,27,64080.440220155375,False,11
ba2961_B8,262154.85696476063,617562.6776581892,27,13163.252618275132,False,11
ba2961_B9,283444.07031798305,5005916.817082723,27,174906.3980283237,False,11
ba2961_C1,256122.68674853168,1340933.7265751974,27,40178.18666024688,True,13
ba2961_C10,263853.1030841944,1151179.5049266769,27,32863.94080898083,False,11
ba2961_C11,227170.98690442383,2205174.945580304,27,73259.40587688446,False,11
ba2961_C12,316349.2871281328,2324085.2549913195,27,74360.59140234024,False,11
ba2961_C2,298891.3170203531,2648187.87959423,27,87010.98379903249,False,11
ba2961_C3,253921.75977774544,1316404.0949678172,27,39351.19759963229,False,11
ba2961_C4,254560.30031865256,1967899.4296828825,27,63457.00479126778,False,11
ba2961_C5,257725.8310852772,5494470.549263109,27,193953.50808066048,False,11
ba2961_C6,269858.10136251245,633448.534318207,27,13466.312331692388,False,11
ba2961_C7,256978.60279272633,5500806.228080407,27,194215.8379736178,False,11
ba2961_C8,269246.7327595163,1718826.3290600064,27,53688.133196314455,False,11
ba2961_C9,269735.8276419132,1425560.9556206595,27,42808.3380732869,False,11
ba2961_D1,253826.65799505715,1861137.1283059986,27,59530.01741892376,False,11
ba2961_D10,247278.2209585203,1380570.4963788693,27,41973.78797853145,True,14
ba2961_D11,234235.69076126855,1576768.6133147255,27,49723.441576053956,False,11
ba2961_D12,305711.47343599936,2311976.1828803746,27,74306.10034979168,False,11
ba2961_D2,255864.55333837774,1904375.4710044048,27,61055.95991355656,False,11
ba2961_D3,236395.85982518838,1354736.5113447472,27,41420.02413035403,False,11
ba2961_D4,271012.90872372745,3500597.356329624,27,119614.2388002184,False,11
ba2961_D5,247590.69824449613,720334.0469084755,27,17509.012913480718,False,11
ba2961_D6,249886.72699797066,1882201.4627497967,27,60456.10132414171,False,11
ba2961_D7,300046.1243815681,5723782.678799086,27,200879.13164509326,False,11
ba2961_D8,263540.6257982186,1252101.4178256132,27,36613.36266768128,False,11
ba2961_D9,260198.47743517286,1465158.789501145,27,44628.15970614712,False,11
ba2961_E1,253704.3842744579,1082165.5810789284,27,30683.748029795202,True,14
ba2961_E10,243324.70399247837,2073376.845594618,27,67779.7089482274,False,11
ba2961_E11,241191.7068664695,2443170.776056673,27,81554.7803403779,False,11
ba2961_E12,302722.5602657958,775623.057833047,27,17514.833243231526,False,11
ba2961_E2,246626.09444865774,1739442.9003871619,27,55289.51133105571,False,11
ba2961_E3,256462.33597241843,530112.5941817191,27,10135.194748492619,False,11
ba2961_E4,255986.82705897698,1150809.613656407,27,33141.5846887937,False,11
ba2961_E5,243433.39174412214,1645918.812893626,27,51943.90448701866,False,11
ba2961_E6,262779.8115367123,1867736.7672860795,27,59442.85021293952,False,11
ba2961_E7,251150.22211082943,1924252.25979102,27,61966.74213630335,True,15
ba2961_E8,261339.69882743238,743306.2415884031,27,17850.61269485077,True,14
ba2961_E9,255321.1145801589,4992824.954000732,27,175463.10516372492,False,11
ba2961_F1,246626.09444865774,622293.3923253269,27,13913.603625061822,False,11
ba2961_F10,265673.6229242275,1021892.7719865082,27,28008.116631936322,False,11
ba2961_F11,259030.08410500237,2138107.8178918716,27,69595.4716217359,False,11
ba2961_F12,245566.38887013102,2370380.067659851,27,78696.80291813778,False,11
ba2961_F2,254465.19853596427,695609.7356851636,27,16338.686561081458,False,11
ba2961_F3,244995.77817400126,2466668.6056996156,27,82284.17879724497,False,11
ba2961_F4,231994.0058836159,1619247.7055109984,27,51379.76665286602,False,11
ba2961_F5,257671.4872094553,914565.8997234227,27,24329.422685702495,False,11
ba2961_F6,263676.4854877733,899244.6139496065,27,23539.56031340123,False,11
ba2961_F7,282520.22442901105,616959.1708488013,27,12386.627645177416,False,11
ba2961_F8,272982.8742222707,879212.081470246,27,22452.933601776862,False,11
ba2961_F9,256530.2658171958,1513692.4177528904,27,46561.5611828035,False,11
ba2961_G1,250661.12722843248,1166053.0275838503,27,33903.40371686733,False,11
ba2961_G10,247930.3474683829,1674906.60770584,27,52850.97260138729,False,11
ba2961_G11,225989.0076052979,1925517.6772945754,27,62945.506284788054,False,11
ba2961_G12,98117.86779640864,1995193.5118364915,27,70262.06089037344,False,11
ba2961_G2,269083.7011320506,2164837.329159279,27,70213.09733434179,False,11
ba2961_G3,240227.10307063107,916551.6318059249,27,25049.0566198257,False,11
ba2961_G4,269817.343455646,3416867.868313758,27,116557.42684659675,False,11
ba2961_G5,256869.91504108257,1382497.8245765918,27,41689.92257538923,False,11
ba2961_G6,254397.2686911869,1043463.2734317282,27,29224.66684224227,False,11
ba2961_G7,317707.8840236799,1296371.5624884567,27,36246.80290610284,False,11
ba2961_G8,250661.12722843248,4805573.724225147,27,168700.46655543387,False,11
ba2961_G9,252359.37334786632,1660227.764664598,27,52143.27375247154,False,11
ba2961_H1,257725.8310852772,2003973.5625150062,27,64675.84190480477,False,11
ba2961_H10,252535.99094428745,1929742.2249602908,27,62118.74940800012,False,11
ba2961_H11,237509.90927953695,1708410.9696076664,27,54477.81704918998,False,11
ba2961_H12,0.0,0.0,27,0.0,False,11
ba2961_H2,276161.9909578508,804435.6409909223,27,19565.690741965613,False,11
ba2961_H3,260035.4458077072,941801.5779922521,27,25250.597488316474,False,11
ba2961_H4,239384.7729953919,1627716.2688040226,27,51419.68502994929,False,11
ba2961_H5,253677.21233654697,1352633.971492686,27,40702.102190968115,False,11
ba2961_H6,282099.05939139146,1778281.483765514,27,55414.163865708244,False,11
ba2961_H7,275360.418789478,1359350.418242326,27,40147.777757512886,False,11
ba2961_H8,288144.8155765759,4264976.356720142,27,147290.05707939135,False,11
ba2961_H9,269151.630976828,1110102.1059651114,27,31146.31388845494,False,11
ba2962_A1,1290.6670507697065,0.0,27,-47.802483361840984,False,10
ba2962_A10,240036.8995052545,0.0,21,-11430.328547869261,False,5
ba2962_A11,222225.69420463254,2196258.6191706373,27,73112.33055429647,False,11
ba2962_A12,243175.2583339682,0.0,21,-11579.774206379438,False,5
ba2962_A2,250158.44637708008,734448.3190635158,27,17936.66195134947,False,11
ba2962_A3,256897.0869789935,1021386.604985086,27,28314.426592818243,False,11
ba2962_A4,238569.61485806367,5251969.0726577155,27,185681.4613999871,False,11
ba2962_A5,244452.33941578242,1660266.7005877844,27,52437.56893229637,False,11
ba2962_A6,235947.52284965783,609561.3454434009,27,13837.548984953448,False,11
ba2962_A7,230988.64418091107,2474825.681607149,27,83105.07546023103,False,11
ba2962_A8,224725.51249243913,0.0,21,-10701.214880592339,False,5
ba2962_A9,233733.00990991615,2724288.1414618883,27,92242.78265007304,False,11
ba2962_B1,279911.7183895607,2472664.7378703086,27,81213.07479558326,False,11
ba2962_B10,248174.89490958137,1612784.3422620695,27,50541.09064268474,False,11
ba2962_B11,194048.3945909865,1302815.4577757923,27,41065.44678462244,False,11
ba2962_B12,358737.51026920107,2715352.3470906285,27,87282.0309933862,False,11
ba2962_B2,244941.43429817937,933975.4574318022,27,25519.778634578623,False,11
ba2962_B3,250049.7586254363,1025455.4089580562,27,28718.727790097033,True,14
ba2962_B4,255484.14620762455,1708469.373492446,27,53814.26767721561,False,11
ba2962_B5,241110.19105273666,1316151.0114671062,27,39816.326682013685,True,14
ba2962_B6,249098.74079855336,1220037.6850816803,27,35960.70164011581,False,11
ba2962_B7,252264.27156517803,1509954.569127004,27,46581.12213191948,False,11
ba2962_B8,272317.1617434526,874676.04641904,27,22309.58832131805,True,14
ba2962_B9,229697.97713014137,1591330.6485864085,27,50430.83968356545,False,11
ba2962_C1,265062.25432123133,1726263.0903885933,27,54118.54948397637,False,11
ba2962_C10,228393.7241104162,851625.9798927397,27,23082.676140086052,False,11
ba2962_C11,209753.77470351054,1613952.4199576592,27,52007.357231635135,False,11
ba2962_C2,232469.51479705737,679003.564446199,27,16538.298135153393,False,11
ba2962_C3,249044.39692273148,388716.7891306054,27,5173.05156325459,False,11
ba2962_C4,246204.92941103815,842982.2049453771,27,22102.862056827365,False,11
ba2962_C5,263907.4469600163,1334061.5361328125,27,39635.33663602948,False,11
ba2962_C6,232809.16402094412,4054837.9684424596,27,141556.62238598207,False,11
ba2962_C7,234453.06626455608,1659682.6617399896,27,52786.28131390495,False,11
ba2962_C8,242835.60911008142,323888.477025386,27,3001.9580709372067,True,13
ba2962_C9,247237.4630516539,1910585.7507526225,27,61605.492137072906,False,11
ba2962_D10,210555.3468718833,2014603.0695448709,27,66816.58232122177,False,11
ba2962_D11,194252.18412531857,2257699.505958647,27,76423.97488271586,False,11
ba2962_D12,381263.04679737135,4417917.66979525,27,149505.7267776992,True,14
ba2962_D2,250566.0254457442,881003.1339368166,27,23349.522536706387,False,11
ba2962_D3,249411.2180845292,763377.70999095,27,19035.795996534103,False,11
ba2962_D4,291310.34634320054,750840.3427249556,27,17019.62949562056,False,11
ba2962_D5,266189.8897445354,2086907.0789018634,27,67433.96996878993,True,15
ba2962_D6,248215.65281644778,1603206.1051582354,27,50184.83156821435,False,11
ba2962_D7,228108.4187623513,1040426.2714231955,27,30085.84639484608,True,14
ba2962_D8,249519.90583617295,0.0,21,-11881.900277912999,False,6
ba2962_D9,217212.4716600639,962826.9765128638,27,27615.352031585182,False,11
ba2962_E1,258119.82418498586,4400280.18193401,27,153413.3465832972,False,11
ba2962_E10,232673.30433138943,1230978.6794970357,27,36974.27315428319,False,11
ba2962_E11,196860.69016476892,1764303.4873416258,27,58053.43693247619,False,11
ba2962_E12,412415.6736122654,7467483.752477473,27,261298.81773574842,False,11
ba2962_E2,257060.11860645915,861282.0888429466,27,22378.591490240276,False,11
ba2962_E3,246789.1260761234,663799.0864419418,27,15444.813346882163,True,13
ba2962_E4,258079.06627811943,1660227.764664598,27,51931.43327357328,False,11
ba2962_E5,226179.21117067448,1878580.421893469,21,78685.77193918069,False,9
ba2962_E6,239833.10997092244,1755445.5648167385,27,56133.794623919115,False,11
ba2962_E7,241789.4895005102,1208162.2285098534,27,35791.58292627197,False,11
ba2962_E8,224929.30202677118,1535749.6182379394,27,48548.90060041364,False,11
ba2962_E9,234086.24510275837,615499.0737293144,27,14126.401060242813,False,11
ba2962_F1,257861.69077483192,1404282.4735993368,27,42460.02899350018,False,11
ba2962_F11,200624.00356543428,1695075.4159163525,27,55350.05230929326,False,11
ba2962_F12,372472.92488318187,517341.6113766068,27,5365.506907163886,False,11
ba2962_F2,241028.67523900385,3106133.6293384666,27,106114.9982999801,False,11
ba2962_F3,265306.8017624298,1331647.5088952607,27,39494.100264178924,False,11
ba2962_F4,290807.6654918481,0.0,21,-13847.984071040384,False,6
ba2962_F5,234439.4802956006,3602777.8608847,27,124753.27335515183,False,11
ba2962_F6,231898.9041009276,1212133.6926748578,27,36304.99216940482,False,11
ba2962_F7,277004.32103309,705986.1592143173,27,15888.216228934345,False,11
ba2962_G1,291283.1744052896,1828742.4402149823,27,56942.93577072936,False,11
ba2962_G10,237903.9023792456,2132384.237183483,27,70165.93832608286,False,11
ba2962_G11,159023.76662378333,1769773.9845493035,27,59657.41547872297,False,11
ba2962_G12,445117.1008880831,5703574.886416994,25,210338.31142115645,False,10
ba2962_G2,252318.6154409999,1215073.3548754246,27,35657.58294201573,False,11
ba2962_G3,232795.57805198865,1531116.2433787675,27,48085.950567658474,False,11
ba2962_G4,231912.49006988306,858420.2984887521,27,23203.992904402556,False,11
ba2962_G5,258513.8172846945,1136442.2580006556,27,32515.868174665226,False,11
ba2962_G6,251775.17668278108,1035637.1528712783,27,29031.92504401842,False,11
ba2962_G7,297804.43950391543,1264074.214205406,27,35787.76943338854,False,11
ba2962_G8,227673.66775577626,1142516.262017721,27,33883.059046738694,False,11
ba2962_G9,226138.45326380807,533597.3593068946,27,11387.366890484687,False,11
ba2962_H1,254655.40210134085,1499402.9339435117,27,46101.76043859892,False,11
ba2962_H10,214712.6533722573,3029614.8428585636,27,104255.63664764097,False,11
ba2962_H11,173846.05875420175,1285002.2729180518,27,41153.933857920376,False,11
ba2962_H12,0.0,0.0,27,0.0,False,11
ba2962_H2,244764.81670175825,3246587.2629049667,27,111178.60911863735,False,11
ba2962_H3,242428.0300414173,1155092.5652069019,27,33802.39019131424,False,11
ba2962_H4,253106.6016404172,2153448.5716272807,25,76013.67879947454,False,10
ba2962_H5,259655.03867695402,1230161.025110123,27,35944.66616419145,False,11
ba2962_H6,247318.9788653867,3148779.586468155,27,107461.50398528771,False,11
ba2962_H7,254560.30031865256,853144.4808970061,27,22169.78446586495,False,11
ba2962_H8,244425.1674778715,3142782.5138388793,27,107346.56838374103,False,11
ba2962_H9,234276.44866813495,1517975.3693033853,27,47544.404467972236,False,11
ba3961_A1,235516.65118408203,1514631.2961921692,27,47374.616481781006,False,11
ba3961_A10,547747.0238609314,2893719.9462890625,27,86887.88601585671,False,11
ba3961_A11,533680.3296775818,2552602.6123428345,27,74774.89935797232,False,11
ba3961_A12,463045.42959976196,2563755.4913024902,27,77804.0763593603,False,11
ba3961_A2,231045.45196151733,1075097.3411560059,27,31261.18108127735,False,11
ba3961_A3,250286.68007659912,1698804.5136070251,27,53648.80864927504,False,11
ba3961_A4,243454.28575897217,972611.4263916016,27,27005.82002343072,False,11
ba3961_A5,239234.27750396729,829231.6221084595,27,21851.75350387008,False,11
ba3961_A6,182565.59522247314,1764817.4998817444,27,58601.92239478783,False,11
ba3961_A7,555885.6112098694,3331897.470100403,27,102815.25403298272,False,11
ba3961_A8,561964.4326248169,2067904.5213394165,27,55775.55884128147,False,11
ba3961_A9,565229.9152030945,2958326.263145447,27,88633.19807193897,False,11
ba3961_B1,257772.1709098816,3530288.0962791443,27,121204.29353219492,False,11
ba3961_B10,504140.2718925476,3051317.15933609,27,94339.8847201312,False,11
ba3961_B11,542773.4427032471,3149834.2568130493,27,96557.80792999268,False,11
ba3961_B12,518156.72788238525,3121399.4392852783,27,96416.39671862566,False,11
ba3961_B2,234109.98176574707,1232292.6486549377,27,36969.72840330336,False,11
ba3961_B3,234059.7435722351,1732313.3886795044,27,55490.875744713674,False,11
ba3961_B4,232753.55054092407,977032.3874206543,27,27565.882847397417,False,11
ba3961_B5,231346.8811225891,2221080.7733573914,27,73693.84786054824,False,11
ba3961_B6,221550.43338775635,736290.9641113281,27,19064.46410087303,False,11
ba3961_B7,522075.30697631836,2914819.987564087,27,88620.17335510254,False,11
ba3961_B8,537046.2886428833,2605855.097465515,27,76622.54847491228,False,11
ba3961_B9,519312.2063331604,4898726.249351501,27,162200.52011179042,False,11
ba3961_C1,253451.68626785278,2782994.9677886963,27,93686.78820447568,False,11
ba3961_C10,518759.5862045288,2982993.2161598206,27,91267.91222056636,False,11
ba3961_C11,520718.87575149536,3675828.142883301,27,116855.89878265945,False,11
ba3961_C12,514841.0071105957,2263180.3795204163,27,64753.31008925261,False,11
ba3961_C2,240741.42330932617,1369694.1079101562,27,41813.06239262334,False,11
ba3961_C3,240439.9941482544,943473.2741546631,27,26038.269629866987,False,11
ba3961_C4,232653.07415390015,955078.2968559265,27,26756.48972970468,False,11
ba3961_C5,231095.6901550293,2638108.0177001953,27,89148.60472389504,False,11
ba3961_C6,238782.13376235962,1157688.9312896729,27,34033.5850936042,False,11
ba3961_C7,516147.20014190674,3192134.815750122,27,99110.6524299339,False,11
ba3961_C8,541617.9642524719,3551187.184780121,27,111465.52668620922,False,11
ba3961_C9,530565.5616798401,3976302.778278351,27,127619.89691105596,False,11
ba3961_D1,241243.8052444458,1172810.6275367737,27,34502.474899715846,False,11
ba3961_D10,527752.2228431702,3014392.0871047974,27,92097.77275043064,False,11
ba3961_D11,524989.1222000122,2649411.611240387,27,78682.31440890276,False,11
ba3961_D12,483391.89797210693,2827606.4836273193,27,86822.76243167454,False,11
ba3961_D2,233456.88525009155,2770334.9430236816,27,93958.44658420703,False,11
ba3961_D3,239435.23027801514,1005869.110496521,27,28386.44000809281,False,11
ba3961_D4,248478.10511016846,1109158.8363571167,27,31877.064120257342,False,11
ba3961_D5,241243.8052444458,987431.6934776306,27,27636.58845308092,False,11
ba3961_D6,203514.92191696167,792808.9318122864,10,58929.40098953247,False,5
ba3961_D7,474951.88146209717,2561645.487174988,27,77284.94835973669,False,11
ba3961_D8,511073.1425971985,2914468.320209503,27,89014.63620786314,False,11
ba3961_D9,537247.2414169312,2463580.533439636,27,71345.67748232241,False,11
ba3961_E1,255611.9285888672,2096439.8152542114,27,68178.81061723497,False,11
ba3961_E10,530314.3707122803,2997160.386730194,27,91364.66725992273,False,11
ba3961_E11,463547.8115348816,3439608.1569900513,27,110224.45723908035,False,11
ba3961_E12,519111.25355911255,2864883.223213196,27,86880.4433205216,False,11
ba3961_E2,218737.09455108643,310220.84493637085,27,3388.2870513068306,False,11
ba3961_E3,217280.1869392395,469928.0621109009,27,9357.328710061533,False,11
ba3961_E4,240992.614276886,235466.41299057007,27,-204.67412171540437,False,11
ba3961_E5,233356.40886306763,306754.4095840454,27,2718.444471147325,False,11
ba3961_E6,209091.36139678955,360911.1821899414,27,5622.956325672291,False,11
ba3961_E7,510420.04608154297,2851168.19638443,27,86694.37593714397,False,11
ba3961_E8,445110.3945159912,2630371.335899353,27,80935.59042160599,False,11
ba3961_E9,520919.8285255432,3372942.0741996765,27,105630.45354348642,False,11
ba3961_F1,241997.37814712524,274200.06018829346,27,1192.6919274506745,False,11
ba3961_F10,535941.0483856201,3042676.1900520325,27,92842.04228394119,False,11
ba3961_F11,530163.6561317444,3144961.152042389,27,96844.35170039424,False,11
ba3961_F12,548952.7405052185,3063072.8966178894,27,93115.56133750633,False,11
ba3961_F2,242349.04550170898,311778.2289352417,27,2571.4512382789894,False,11
ba3961_F3,239736.6594390869,394470.2954559326,27,5730.875408031322,False,11
ba3961_F4,224464.2486114502,245212.62253189087,27,768.4582933496546,False,11
ba3961_F5,215220.42100524902,232904.26512145996,27,654.957189489294,False,11
ba3961_F6,227830.2075767517,462744.0004386902,27,8700.510846738462,False,11
ba3961_F7,505697.65589141846,2621680.1284217834,27,78369.72120482834,False,11
ba3961_F8,528405.3193588257,3073924.3464164734,27,94278.48248361658,False,11
ba3961_F9,535488.9046440125,3047951.2003707886,27,93054.1591009917,False,11
ba3961_G1,238329.99002075195,812452.0654754639,27,21263.780572396736,False,11
ba3961_G10,543828.4447669983,3130542.7905044556,27,95804.23502731323,False,11
ba3961_G11,514338.6251754761,3036898.7977981567,27,93428.15454158076,False,11
ba3961_G12,527350.3172950745,3253676.6028022766,27,100975.04761137786,False,11
ba3961_G2,230794.26099395752,268271.95335388184,27,1388.062679997197,False,11
ba3961_G3,235064.50744247437,606927.6158180237,27,13772.707717612937,False,11
ba3961_G4,238329.99002075195,254456.45013809204,27,597.2763006422255,False,11
ba3961_G5,223409.24654769897,307759.17345428467,27,3124.071366910581,False,11
ba3961_G6,248277.1523361206,283644.8405685425,5,7073.537646484375,False,3
ba3961_G7,523833.64374923706,3454227.4713020325,27,108533.10472417761,False,11
ba3961_G8,508410.51834106445,2734263.9200820923,27,82439.01487929733,False,11
ba3961_G9,499669.0726699829,2807963.349964142,27,85492.38064052441,False,11
ba3961_H1,250839.3002052307,598437.361114502,27,12874.002255898935,False,11
ba3961_H10,569399.6852645874,3082263.886539459,27,93069.04449166192,False,11
ba3961_H11,542421.7753486633,600647.8416290283,10,5822.606628036499,False,5
ba3961_H12,0.0,0.0,3,0.0,False,2
ba3961_H2,241042.85247039795,345739.2477493286,27,3877.6442695900246,False,11
ba3961_H3,248880.01065826416,565280.1533966064,27,11718.523805123788,False,11
ba3961_H4,228985.68602752686,1331412.6044540405,27,40830.62660838939,False,11
ba3961_H5,221399.71880722046,1047265.3819503784,27,30587.617153450294,False,11
ba3961_H6,230040.68809127808,293792.955657959,27,2361.195095062256,False,11
ba3961_H7,566335.1554603577,727499.2802467346,12,13430.34373219808,False,6
ba3961_H8,571559.9275856018,3334459.617969513,27,102329.61816236709,False,11
ba3961_H9,544531.7794761658,327352.0689239502,5,-43435.94211044312,False,3
ba4961_A1,281677.8943537719,0.0,27,-10432.514605695254,False,11
ba4961_A10,255783.0375246449,849192.4846935947,27,21978.12767292407,False,11
ba4961_A11,247753.72987196178,904306.2839638279,27,24316.76126266171,False,11
ba4961_A12,247074.43142418825,1711389.5677314198,27,54233.89393730488,False,11
ba4961_A2,279463.38141403015,504784.77614901925,27,8345.236842036633,False,11
ba4961_A3,281609.9645089945,936642.568170065,27,24260.466802261868,False,11
ba4961_A4,289747.9599133214,450469.1633041057,27,5952.63716262164,False,11
ba4961_A5,285712.9271335466,530910.7806070386,27,9081.401980499704,False,11
ba4961_A6,282316.434894679,793533.5824987533,27,18933.968429780532,False,11
ba4961_A7,277439.072039665,561942.711386534,27,10537.171827661816,False,11
ba4961_A8,291582.0657223099,568036.1833651927,27,10239.041394180844,False,11
ba4961_A9,266162.7178066244,1123106.7043093417,27,31738.666166767307,False,11
ba4961_B1,280427.9852098686,538152.8623196938,27,9545.365818882416,False,11
ba4961_B10,280930.666061221,645577.074390745,27,13505.422530723112,False,11
ba4961_B11,236395.85982518838,750645.663109024,27,19046.28901051243,False,11
ba4961_B12,239303.25718165908,796590.0524688793,27,20640.25167730445,False,11
ba4961_B2,287411.17325298046,608003.9085159482,27,11873.805009739546,False,11
ba4961_B3,281650.7224158609,1953648.8817966902,27,61925.85775484553,False,11
ba4961_B4,257943.20658856473,469002.662740793,27,7817.016894526973,False,11
ba4961_B5,270320.0243069985,541540.2876369033,27,10045.194938144625,False,11
ba4961_B6,277072.25087786734,1205903.9449650468,27,34401.17385508072,False,11
ba4961_B7,260673.98634861433,774571.7879070165,27,19033.25190957045,False,11
ba4961_B8,278009.6827357948,632475.136238549,27,13128.350129731638,False,11
ba4961_B9,259872.41418024155,1853194.1999759898,27,59011.91799243512,False,11
ba4961_C1,277113.00878473377,445933.1282528996,27,6252.597017339476,False,11
ba4961_C10,248636.81785406737,806771.7963821014,27,20671.665871408666,False,11
ba4961_C11,234140.58897858026,607205.7220906287,27,13817.22715229809,False,11
ba4961_C12,237075.1582729619,865545.5724318484,27,23276.682005884686,True,16
ba4961_C2,264872.05075585475,1871863.9751438294,27,59518.21942177684,False,11
ba4961_C3,269178.8029147389,2170930.8011379377,27,70435.25919345181,False,11
ba4961_C4,245783.76437341855,1623705.8687158318,27,51034.15201268197,False,11
ba4961_C5,236667.57920429777,785337.5706680333,27,20321.11079495317,False,11
ba4961_C6,267453.38485739415,211830.89009516287,27,-2060.0923986011585,False,11
ba4961_C7,270184.16461744375,625018.9069483691,27,13142.027493737976,False,11
ba4961_C8,277534.17382235336,754091.4923110132,27,17650.27105513555,False,11
ba4961_C9,259655.03867695402,1147986.7592253988,27,32901.17483512758,False,11
ba4961_D1,254125.5493120775,700651.9377377918,27,16538.01438613757,False,11
ba4961_D10,241911.76322110943,901074.6023393635,27,24413.438485861265,False,11
ba4961_D11,239765.18012614507,754967.5505827053,27,19081.5692761689,False,11
ba4961_D12,241626.45787304454,1387209.0712821365,27,42428.98568181822,False,11
ba4961_D2,272289.9898055417,631482.2701972979,27,13303.417792287268,False,11
ba4961_D3,290291.3986715402,2305006.6526300237,27,74619.08347994383,False,11
ba4961_D4,256516.6798482403,1419915.2467586435,27,43088.83581149642,False,11
ba4961_D5,261271.76898265502,1038985.6422653017,27,28804.217528986912,False,11
ba4961_D6,268282.12896367785,761333.5740236683,27,18261.164631851498,False,11
ba4961_D7,284693.97946188634,4541223.380301317,27,157649.23706812708,False,11
ba4961_D8,271420.48779239156,628893.0313054078,27,13239.723833815415,False,11
ba4961_D9,258785.5366638039,1077551.6741813496,27,30324.671759909095,False,11
ba4961_E1,294652.4947062463,729892.8160507166,27,16120.011901647047,False,11
ba4961_E10,257657.90124049986,890386.6914247192,27,23434.39963645257,False,11
ba4961_E11,248405.8563818244,1455249.597050227,27,44697.91632105195,False,11
ba4961_E12,235078.02083650773,1822123.3332733081,27,58779.45601617779,False,11
ba4961_E2,279816.6166068724,634830.7595913212,27,13148.671962386994,False,11
ba4961_E3,278865.59877998946,735227.0375272421,27,16902.275509157505,False,11
ba4961_E4,269871.6873314679,681300.7839141918,27,15238.11468824903,False,11
ba4961_E5,260877.7758829464,657783.4863096557,27,14700.21149728553,False,11
ba4961_E6,274816.98003125924,660664.7446254432,27,14290.657947932741,False,11
ba4961_E7,268254.9570257669,752047.3563437315,27,17918.237011776466,False,11
ba4961_E8,269246.7327595163,561086.121076435,27,10808.866233959952,False,11
ba4961_E9,272833.42856376054,993041.2529054466,27,26674.36386450689,False,11
ba4961_F1,282846.28768394236,1694802.8644540485,27,52294.68802852245,False,11
ba4961_F10,258581.74712947186,3172144.4700322933,27,107909.73047788227,False,11
ba4961_F11,234262.86269917947,571326.2688744366,27,12483.829858342859,False,11
ba4961_F12,217253.2295669303,1643679.9973104128,27,52830.62102753639,False,11
ba4961_F2,269912.4452383343,1482894.1025125128,27,44925.24656571032,False,11
ba4961_F3,311213.79086296493,1019459.2767873632,27,26231.314293496234,False,11
ba4961_F4,263758.0013015061,535368.943811872,27,10059.66453742096,False,11
ba4961_F5,254438.02659805331,525732.3028232583,27,10047.936156489075,False,11
ba4961_F6,263798.75920837256,626556.8759142287,27,13435.4858039206,False,11
ba4961_F7,271746.55104732286,1258954.140306405,27,36563.24404663267,False,11
ba4961_F8,253242.4613299719,930296.0126906951,27,25076.057457804563,False,11
ba4961_F9,264070.47858748195,561553.3521546709,27,11017.884206192182,False,11
ba4961_G1,274952.8397208139,979978.2506764368,27,26112.05225761566,False,11
ba4961_G10,245634.31871490838,930646.4359993719,27,25370.819158683833,False,11
ba4961_G11,239357.60105748096,878783.7863151964,27,23682.45130584131,False,11
ba4961_G12,202308.66371591264,1114638.1410163175,27,33789.98064075574,False,11
ba4961_G2,284191.29861053394,696758.34541916,27,15280.260992912075,False,11
ba4961_G3,283661.4458212706,547361.208153258,27,9766.65786414768,False,11
ba4961_G4,274096.92367661925,1218733.3316549386,27,34986.53362882664,False,11
ba4961_G5,254166.3072189439,1441914.0433589132,27,43990.656894072934,False,11
ba4961_G6,265021.4964143649,660839.9562797816,27,14659.942957978397,False,11
ba4961_G7,261502.73045489803,1541336.923215176,27,47401.266398528816,False,11
ba4961_G8,278376.5038975925,1438740.7656192284,27,42976.454137838366,False,11
ba4961_G9,245566.38887013102,863287.2888870419,27,22878.55185247818,False,11
ba4961_H1,273200.2497255582,786310.9687476913,27,19004.100704523447,False,11
ba4961_H10,246992.91561045544,1410453.8174243683,27,43091.1445116264,False,11
ba4961_H11,244112.69019189567,506673.1684235557,27,9724.462156728147,False,11
ba4961_H12,224861.37218199382,1045001.2423975879,27,30375.550748725705,False,11
ba4961_H2,266529.53896842216,1791889.5889191322,27,56494.81666484111,False,11
ba4961_H3,269491.2802007147,512941.8520565529,27,9016.687846512525,False,11
ba4961_H4,271719.3791094119,458957.194558723,27,6934.733905530041,False,11
ba4961_H5,260402.2669695049,639756.1538743905,27,14050.143959440209,False,11
ba4961_H6,270700.4314377516,880964.1980136302,27,22602.36172503254,False,11
ba4961_H7,270944.9788789501,452143.40800111735,27,6711.052930450638,False,11
ba4961_H8,258214.92596767415,526705.7009029163,27,9944.102775379339,False,11
ba4961_H9,257291.08007870216,4481220.481547117,27,156441.82968401536,False,11
